account_id,customer_id,account_type,spend_profile,balance,opened_at
019daf80-511e-7124-90f5-c721ec98bf28,019daf80-511a-71e4-b9e4-bb2584f38797,current,low_spender,7879.9062267031995,2026-04-21 10:05:15 +0000 UTC
019daf80-511e-7207-9dd0-470ec88b663e,019daf80-511a-7207-9aa8-9b5f0b76502a,savings,normal,443.70935621369733,2026-04-21 10:05:15 +0000 UTC
019daf80-511e-721b-9a82-3eef1f69a2cb,019daf80-511a-7213-b889-febca94d6711,credit,high_spender,4310.0740720958975,2026-04-21 10:05:15 +0000 UTC
019daf80-511e-7226-aabb-ee7721f8e9be,019daf80-511a-721b-b211-db9b8f673571,current,low_spender,201.49977446419055,2026-04-21 10:05:15 +0000 UTC
019daf80-511e-7232-8c93-759b0ac06ea2,019daf80-511a-721e-ae16-ce2727a056ec,savings,normal,6439.315174244959,2026-04-21 10:05:15 +0000 UTC
019daf80-511e-723e-8e4a-4cc7aa90bbfa,019daf80-511a-7226-9f57-59bc4d4fbab3,credit,high_spender,3815.491950941964,2026-04-21 10:05:15 +0000 UTC
019daf80-511e-7255-b1f7-8c8c4f2abcde,019daf80-511a-7232-adef-51b25382bde1,current,low_spender,6969.602548710793,2026-04-21 10:05:15 +0000 UTC
019daf80-511e-7261-8e39-9a9c6955145e,019daf80-511a-723a-98e9-efa3c8b24200,savings,normal,5627.626297845392,2026-04-21 10:05:15 +0000 UTC
019daf80-511e-726d-aaee-34e835b6abf7,019daf80-511a-7242-9719-8537945c2c91,credit,high_spender,2577.9637061496996,2026-04-21 10:05:15 +0000 UTC
019daf80-511e-7274-a33d-45caaa282b95,019daf80-511a-7249-b53b-0cbbbec15388,current,low_spender,111.69764904205736,2026-04-21 10:05:15 +0000 UTC
019daf80-511e-7280-8e04-650f3c6c1a06,019daf80-511a-724d-b450-738f9b8fde84,savings,normal,7993.725830683766,2026-04-21 10:05:15 +0000 UTC
019daf80-511e-728c-97a5-4143f58d2f91,019daf80-511a-7255-9abd-3a1ec591b0dd,credit,high_spender,5557.395824411869,2026-04-21 10:05:15 +0000 UTC
019daf80-511e-7298-b5da-2aa13ce1b9bd,019daf80-511a-726d-a3ca-3132cc7ac809,current,low_spender,7708.429889699225,2026-04-21 10:05:15 +0000 UTC
019daf80-511e-72a3-8181-2df15d653eff,019daf80-511a-7274-9233-cd7f59d3c2de,savings,normal,1532.0324110255467,2026-04-21 10:05:15 +0000 UTC
019daf80-511e-72af-97bb-1b1b2e9e3884,019daf80-511a-727c-a6f4-f6d412f3fcdd,credit,high_spender,6868.525360734503,2026-04-21 10:05:15 +0000 UTC
019daf80-511e-72bb-b25f-0f4f5b4b156a,019daf80-511a-7284-b013-bf5047019e66,current,low_spender,2315.969324285127,2026-04-21 10:05:15 +0000 UTC
019daf80-511e-72c6-89bf-12c764d17bcc,019daf80-511a-7288-a64f-4c707d780474,savings,normal,6953.471488470553,2026-04-21 10:05:15 +0000 UTC
019daf80-511e-72d2-834f-2a31b5ff5b6c,019daf80-511a-7290-a660-05a58f2a191c,credit,high_spender,1872.4775479450361,2026-04-21 10:05:15 +0000 UTC
019daf80-511e-72da-90df-dec72cf316f0,019daf80-511a-7298-832f-8b26b4f311e1,current,low_spender,4612.1362611740515,2026-04-21 10:05:15 +0000 UTC
019daf80-511e-72e6-8bda-4cba2a983ed7,019daf80-511a-729f-bebb-b7aec40b6f61,savings,normal,1738.9276294965828,2026-04-21 10:05:15 +0000 UTC
019daf80-511e-72f1-a5ff-11f5c67e86fe,019daf80-511a-72a7-b357-be970ca97854,credit,high_spender,2792.8744026605355,2026-04-21 10:05:15 +0000 UTC
019daf80-511e-72fd-8a23-26dfc699774c,019daf80-511a-72af-9dd1-0130930193ee,current,low_spender,2736.521859964582,2026-04-21 10:05:15 +0000 UTC
019daf80-511e-7309-a915-b30d98a175f3,019daf80-511a-72ce-a999-b594b5c7e4d9,savings,normal,3255.8417561153365,2026-04-21 10:05:15 +0000 UTC
019daf80-511e-7315-be47-60a686f586fb,019daf80-511a-72d6-8f8a-36de0390b8bb,credit,high_spender,6896.1856813249315,2026-04-21 10:05:15 +0000 UTC
019daf80-511e-7320-9a99-d18e3b3d37ce,019daf80-511a-72da-b3d7-05e7242e4cd8,current,low_spender,5380.505131978951,2026-04-21 10:05:15 +0000 UTC
019daf80-511e-732c-acc9-a6a35acbf4f7,019daf80-511a-72e2-9de3-80888d58b27a,savings,normal,5877.6752674133,2026-04-21 10:05:15 +0000 UTC
019daf80-511e-7338-a05d-da8fa96f5207,019daf80-511a-72ea-ac14-306553f93352,credit,high_spender,5817.612172269604,2026-04-21 10:05:15 +0000 UTC
019daf80-511e-7343-a0a0-48535277d004,019daf80-511a-72f1-86e3-665bb5618716,current,low_spender,949.7411632241249,2026-04-21 10:05:15 +0000 UTC
019daf80-511e-734b-8e7b-8d8292e4f2e6,019daf80-511a-72f5-9bfb-395330b2df52,savings,normal,4557.181493273095,2026-04-21 10:05:15 +0000 UTC
019daf80-511e-735b-b611-acf4b8f443a0,019daf80-511a-72fd-b38e-6abebf9b8e59,credit,high_spender,868.20274457936,2026-04-21 10:05:15 +0000 UTC
019daf80-511e-7363-8af8-1f9d4c8ceba6,019daf80-511a-7305-8603-b631aee8dfe0,current,low_spender,984.7167766967297,2026-04-21 10:05:15 +0000 UTC
019daf80-511e-736e-bedc-8ccfc43a6c54,019daf80-511a-7309-ae48-d7bea7d25ad1,savings,normal,2005.1210986209344,2026-04-21 10:05:15 +0000 UTC
019daf80-511e-737a-8bf9-46931c74ae5c,019daf80-511a-7311-942d-670edad9a9a8,credit,high_spender,1829.9477683485488,2026-04-21 10:05:15 +0000 UTC
019daf80-511e-7386-9650-596bc0bf6980,019daf80-511a-7318-83e2-f6b4a10d53c4,current,low_spender,5138.939976469655,2026-04-21 10:05:15 +0000 UTC
019daf80-511e-7392-8b8a-47d4618e0f51,019daf80-511a-7320-92af-560fa24eaa93,savings,normal,1570.382521146425,2026-04-21 10:05:15 +0000 UTC
019daf80-511e-7399-a946-858f5c1bf0e5,019daf80-511a-7328-9321-295a9ecb3e54,credit,high_spender,2151.1493773631573,2026-04-21 10:05:15 +0000 UTC
019daf80-511e-73a5-8c36-73b61f98414e,019daf80-511a-7330-9db3-701f2a7bb0c7,current,low_spender,7769.603373146766,2026-04-21 10:05:15 +0000 UTC
019daf80-511e-73b1-b0d4-afa9aa1c446a,019daf80-511a-7334-b749-3ba645cfdba4,savings,normal,3010.646169224076,2026-04-21 10:05:15 +0000 UTC
019daf80-511e-73bd-bc38-3a4ed9e4ee46,019daf80-511a-733c-a1b2-191c7a7a326b,credit,high_spender,617.4518198541973,2026-04-21 10:05:15 +0000 UTC
019daf80-511e-73c8-9e45-da9b4d292377,019daf80-511a-7343-9269-78177f2dcd92,current,low_spender,9786.748890387427,2026-04-21 10:05:15 +0000 UTC
019daf80-511e-73d0-a0e8-fbcd9b8f5c56,019daf80-511a-7347-be2d-10208cced59c,savings,normal,8034.928209858076,2026-04-21 10:05:15 +0000 UTC
019daf80-511e-73dc-a778-8c2a3e0c1ad0,019daf80-511a-734f-a74f-a53fddc13913,credit,high_spender,4898.325129816559,2026-04-21 10:05:15 +0000 UTC
019daf80-511e-73e8-b317-db6533960a24,019daf80-511a-7357-93a7-a7f341b99e1c,current,low_spender,7471.037552492422,2026-04-21 10:05:15 +0000 UTC
019daf80-511e-73f3-af67-2dd288816b50,019daf80-511a-735f-99e2-366cc99254e1,savings,normal,5457.819319980863,2026-04-21 10:05:15 +0000 UTC
019daf80-511e-73ff-89ad-70e3c3cfe211,019daf80-511a-7363-9a08-d3e7af8a4f67,credit,high_spender,8634.866258664106,2026-04-21 10:05:15 +0000 UTC
019daf80-511e-740b-bbd5-fb69adf2cada,019daf80-511a-736b-8c5c-6d4584281c4f,current,low_spender,3604.6540254999463,2026-04-21 10:05:15 +0000 UTC
019daf80-511e-7416-b660-f89351f2eb0d,019daf80-511a-737a-ada2-6724bd219961,savings,normal,8108.341790171194,2026-04-21 10:05:15 +0000 UTC
019daf80-511e-7422-9f63-e4ead742b2e0,019daf80-511a-737e-be2a-0821b4663e3c,credit,high_spender,9482.806896339132,2026-04-21 10:05:15 +0000 UTC
019daf80-511e-742e-b4e5-da91c8b34504,019daf80-511a-7386-931c-bd1457cd557b,current,low_spender,1628.758440922652,2026-04-21 10:05:15 +0000 UTC
019daf80-511e-7436-b815-aab85eb959d9,019daf80-511a-738e-a2dc-3b105e25d2ea,savings,normal,6470.73121998208,2026-04-21 10:05:15 +0000 UTC
019daf80-511e-7441-b752-b587b8c79ed4,019daf80-511a-7392-b2e6-76b95436b495,credit,high_spender,2721.2688855200804,2026-04-21 10:05:15 +0000 UTC
019daf80-511e-744d-8ca6-a836fe52f669,019daf80-511a-7399-89dd-a702380a02f8,current,low_spender,2781.2248517228395,2026-04-21 10:05:15 +0000 UTC
019daf80-511e-7459-abef-4a5ca6e6feee,019daf80-511a-73a1-b691-ecf49729279f,savings,normal,5068.864255846436,2026-04-21 10:05:15 +0000 UTC
019daf80-511e-7465-86ed-1f5141892abd,019daf80-511a-73a9-b1c4-970c79dede22,credit,high_spender,8129.565675259773,2026-04-21 10:05:15 +0000 UTC
019daf80-511e-7470-aed9-229243d1eb63,019daf80-511a-73b1-81ee-2da5b0cf8b20,current,low_spender,2411.3542898883934,2026-04-21 10:05:15 +0000 UTC
019daf80-511e-747c-b41f-dabacceda66f,019daf80-511a-73b9-b047-15b0103f7532,savings,normal,8577.959825051525,2026-04-21 10:05:15 +0000 UTC
019daf80-511e-7488-b931-1511df77bacd,019daf80-511a-73c0-a70d-f4d261a0c619,credit,high_spender,153.6576997615946,2026-04-21 10:05:15 +0000 UTC
019daf80-511e-748f-82ff-382a24b89f70,019daf80-511a-73c4-b9a3-5e3068c8eb81,current,low_spender,4733.673740183715,2026-04-21 10:05:15 +0000 UTC
019daf80-511e-749f-bfbe-9a108638fb75,019daf80-511a-73cc-a307-60dd6d4758e4,savings,normal,8361.48544084431,2026-04-21 10:05:15 +0000 UTC
019daf80-511e-74ab-95b8-a8aff1a26f49,019daf80-511a-73d4-9963-a1ef1dfcb5ac,credit,high_spender,9326.97332017934,2026-04-21 10:05:15 +0000 UTC
019daf80-511e-74b7-ba25-c75af1b378fc,019daf80-511a-73dc-84d9-65a7372b6ea4,current,low_spender,8381.309734474413,2026-04-21 10:05:15 +0000 UTC
019daf80-511e-74c2-92de-878afc8e9503,019daf80-511a-73ef-8b61-df811621eb6d,savings,normal,8165.824672821987,2026-04-21 10:05:15 +0000 UTC
019daf80-511e-74ce-81ea-c2d6e4019a7e,019daf80-511a-73f7-9535-2e714eafa4a3,credit,high_spender,3450.2737629263374,2026-04-21 10:05:15 +0000 UTC
019daf80-511e-74d6-a6e1-ec18cb968228,019daf80-511a-73ff-9c0b-8b65263bfdc3,current,low_spender,1635.1799489722057,2026-04-21 10:05:15 +0000 UTC
019daf80-511e-74e2-b4b5-8ab7679ed9f9,019daf80-511a-7403-ae3f-50a66249cfec,savings,normal,8241.01451322346,2026-04-21 10:05:15 +0000 UTC
019daf80-511e-74ed-b6ec-dad32f47fca0,019daf80-511a-740b-834c-31ba35975e3b,credit,high_spender,8213.717215868943,2026-04-21 10:05:15 +0000 UTC
019daf80-511e-74fd-88ad-e35221833992,019daf80-511a-7412-97bc-ba248fb56ac3,current,low_spender,787.4935914601639,2026-04-21 10:05:15 +0000 UTC
019daf80-511e-7509-bb95-476479b4789c,019daf80-511a-7416-b957-95282e4802eb,savings,normal,1995.0730620849934,2026-04-21 10:05:15 +0000 UTC
019daf80-511e-7514-a6a2-8dbd2399c0b5,019daf80-511a-741e-bbcc-a39d97f54068,credit,high_spender,6733.256226953188,2026-04-21 10:05:15 +0000 UTC
019daf80-511e-7520-945c-d4ddac6a6032,019daf80-511a-7426-8b92-5d9d5278a323,current,low_spender,8888.096930024414,2026-04-21 10:05:15 +0000 UTC
019daf80-511e-752c-8992-ab9c513d8025,019daf80-511a-742e-b510-836c391d619a,savings,normal,3849.5219155694163,2026-04-21 10:05:15 +0000 UTC
019daf80-511e-7534-9142-85bda6324f53,019daf80-511a-7432-a828-d5619d8e28e7,credit,high_spender,4471.253599809744,2026-04-21 10:05:15 +0000 UTC
019daf80-511e-753f-a9b8-a1b8deeec075,019daf80-511a-743a-9336-9a209eaed4b8,current,low_spender,4408.155962650565,2026-04-21 10:05:15 +0000 UTC
019daf80-511e-754b-a17d-7919ff20f0f0,019daf80-511a-7449-ba78-bcb37f868691,savings,normal,7315.681029754396,2026-04-21 10:05:15 +0000 UTC
019daf80-511e-7557-8ee0-6b97b64a6c7a,019daf80-511a-7451-8dc3-788c928a314a,credit,high_spender,11.587315104357732,2026-04-21 10:05:15 +0000 UTC
019daf80-511e-7562-acc8-0781c4a22e13,019daf80-511a-7459-b3c3-63c2aac84739,current,low_spender,3703.092421951431,2026-04-21 10:05:15 +0000 UTC
019daf80-511e-756e-ae8c-01dfbb78ff60,019daf80-511a-745d-81f1-cc1097672a7e,savings,normal,141.3023095215099,2026-04-21 10:05:15 +0000 UTC
019daf80-511e-7576-92cc-c66fce19ff0e,019daf80-511a-7465-abf7-5c6ddde871c2,credit,high_spender,7538.018269332234,2026-04-21 10:05:15 +0000 UTC
019daf80-511e-7582-9220-bcff27a16971,019daf80-511a-746c-9320-a62bb8cd4cfa,current,low_spender,2223.9311158633377,2026-04-21 10:05:15 +0000 UTC
019daf80-511e-758d-a6ef-1bf06bcf5b34,019daf80-511a-7470-9c9d-f6d505c3bffc,savings,normal,7348.184918085279,2026-04-21 10:05:15 +0000 UTC
019daf80-511e-7599-9c5d-efbc5814f353,019daf80-511a-7478-b8d2-a9d38cbe127e,credit,high_spender,5530.99905074734,2026-04-21 10:05:15 +0000 UTC
019daf80-511e-75a5-864a-7105b980e169,019daf80-511a-7480-b232-efd614579cb9,current,low_spender,5249.819916377855,2026-04-21 10:05:15 +0000 UTC
019daf80-511e-75b1-8258-f3f8de8454a0,019daf80-511a-7488-b019-1de15305df79,savings,normal,6946.47526461785,2026-04-21 10:05:15 +0000 UTC
019daf80-511e-75bc-ba05-6fb9ed795232,019daf80-511a-748c-9a56-a28a235492d2,credit,high_spender,327.23702814852817,2026-04-21 10:05:15 +0000 UTC
019daf80-511e-75c8-9173-31aaea526f67,019daf80-511a-7493-a51d-ab91d1b799d5,current,low_spender,5843.2235913356635,2026-04-21 10:05:15 +0000 UTC
019daf80-511e-75d4-865a-94da35958e73,019daf80-511a-749b-85a1-b3e767579e67,savings,normal,2340.087133892371,2026-04-21 10:05:15 +0000 UTC
019daf80-511e-75dc-b0c2-827f6ab032e7,019daf80-511a-749f-a84f-7f8521c04146,credit,high_spender,9865.238851666149,2026-04-21 10:05:15 +0000 UTC
019daf80-511e-75f3-a40e-342433e51459,019daf80-511a-74af-b575-3ce6480826ab,current,low_spender,9457.53956984803,2026-04-21 10:05:15 +0000 UTC
019daf80-511e-75ff-a295-b7d1cc7db9dd,019daf80-511a-74b7-993b-b2fd491f3556,savings,normal,7768.367900829685,2026-04-21 10:05:15 +0000 UTC
019daf80-511e-7606-b5e4-42a6ee8e500e,019daf80-511a-74be-a99a-de64e29cbb21,credit,high_spender,2529.4420024027695,2026-04-21 10:05:15 +0000 UTC
019daf80-511e-7612-a76b-1fdc270ab190,019daf80-511a-74c6-8fea-0b0ca9ae385a,current,low_spender,8187.938556801554,2026-04-21 10:05:15 +0000 UTC
019daf80-511e-761e-91f5-3f07671fb2d5,019daf80-511a-74ce-aada-6b144a3054aa,savings,normal,3256.5254799037825,2026-04-21 10:05:15 +0000 UTC
019daf80-511e-7626-aeb9-56d4dccd9d71,019daf80-511a-74d2-84b1-dd7ef1a727c9,credit,high_spender,2834.949541096697,2026-04-21 10:05:15 +0000 UTC
019daf80-511e-7631-9353-de26416d0765,019daf80-511a-74da-b9d4-014164888290,current,low_spender,9640.282295778985,2026-04-21 10:05:15 +0000 UTC
019daf80-511e-763d-b4ff-d50e2f44207b,019daf80-511a-74e2-aa25-175aebe74cd5,savings,normal,3533.2479991595847,2026-04-21 10:05:15 +0000 UTC
019daf80-511e-7655-be51-7665aafd7f7f,019daf80-511a-74e9-b552-194e5085445b,credit,high_spender,1699.1181388940813,2026-04-21 10:05:15 +0000 UTC
019daf80-511e-7660-91f1-17a3dd62859a,019daf80-511a-74ed-ab0b-642095a3f806,current,low_spender,6738.241417420242,2026-04-21 10:05:15 +0000 UTC
019daf80-511e-766c-9b83-53b3f4b1ca11,019daf80-511a-74f5-b263-41879929d0cc,savings,normal,1215.8357482423128,2026-04-21 10:05:15 +0000 UTC
019daf80-511e-7678-aec4-5fb8bc486418,019daf80-511a-74fd-b122-75142bdc7358,credit,high_spender,4474.613256260433,2026-04-21 10:05:15 +0000 UTC
019daf80-511e-7680-9f65-d2a6e06121a0,019daf80-511a-7501-98f2-57ecee839069,current,low_spender,1531.4592317351362,2026-04-21 10:05:15 +0000 UTC
019daf80-511e-768b-bada-020ec5a8edb4,019daf80-511a-7510-9f31-a1032fe8bcb0,savings,normal,6688.925844687385,2026-04-21 10:05:15 +0000 UTC
019daf80-511e-7697-99dd-e18eaea4c3d3,019daf80-511a-7518-9eb4-0f100be7df52,credit,high_spender,6225.0492974123235,2026-04-21 10:05:15 +0000 UTC
019daf80-511e-76a3-b952-881ede4c2cfb,019daf80-511a-751c-8da5-8cf8bd56c461,current,low_spender,7198.838768072258,2026-04-21 10:05:15 +0000 UTC
019daf80-511e-76ae-b868-62faf8ce0306,019daf80-511a-7524-a5e2-39a46988b9ab,savings,normal,3214.7763893825168,2026-04-21 10:05:15 +0000 UTC
019daf80-511e-76b6-8801-e2096b57f86f,019daf80-511a-752c-887e-03e9a927e6e4,credit,high_spender,4449.865684668604,2026-04-21 10:05:15 +0000 UTC
019daf80-511e-76c2-874c-f435809cf89d,019daf80-511a-7530-b62d-130f1e1ecd33,current,low_spender,7261.378738453332,2026-04-21 10:05:15 +0000 UTC
019daf80-511e-76ce-bd87-eb201c0401b4,019daf80-511a-7537-8446-762d203061c7,savings,normal,3322.5511066503154,2026-04-21 10:05:15 +0000 UTC
019daf80-511e-76d9-b6e1-3d2d14f74563,019daf80-511a-753f-9798-5a1cdd9ea52d,credit,high_spender,2763.374163348759,2026-04-21 10:05:15 +0000 UTC
019daf80-511e-76e5-a8ed-5126b27af0f1,019daf80-511a-7553-a92f-0dc2a952be0c,current,low_spender,3000.8672159545417,2026-04-21 10:05:15 +0000 UTC
019daf80-511e-76ed-9f70-86ffc3e7df8c,019daf80-511a-755b-9595-8f58a698f2d5,savings,normal,3592.100523028376,2026-04-21 10:05:15 +0000 UTC
019daf80-511e-76f9-b26c-02b0467df464,019daf80-511a-755f-afed-2e31771cd537,credit,high_spender,303.58349706328113,2026-04-21 10:05:15 +0000 UTC
019daf80-511e-7704-9c99-b7e90f02dac1,019daf80-511a-7566-ac22-994d0adf852f,current,low_spender,4038.953988785735,2026-04-21 10:05:15 +0000 UTC
019daf80-511e-770c-9f9a-84282a02c86e,019daf80-511a-756e-b3b3-41a2bce054e6,savings,normal,4344.363994664771,2026-04-21 10:05:15 +0000 UTC
019daf80-511e-7718-ae05-6ba9b08f0924,019daf80-511a-7576-9d9e-37cb80aeb0bb,credit,high_spender,617.89695932841,2026-04-21 10:05:15 +0000 UTC
019daf80-511e-7724-8f9b-1e6946cc8d03,019daf80-511a-757a-8e32-ccca6ad53755,current,low_spender,5648.401533686093,2026-04-21 10:05:15 +0000 UTC
019daf80-511e-772f-bf0e-ae779ecd7bb6,019daf80-511a-7582-8860-b9bab6578547,savings,normal,8388.641861820604,2026-04-21 10:05:15 +0000 UTC
019daf80-511e-773b-bf58-2fe6a0a4da9b,019daf80-511a-7589-a6ca-a0d62ee7cb02,credit,high_spender,3889.167736366281,2026-04-21 10:05:15 +0000 UTC
019daf80-511e-7747-acb2-dbbef7c6c1d6,019daf80-511a-7591-97a8-ad02ecb7aa17,current,low_spender,9670.331930472861,2026-04-21 10:05:15 +0000 UTC
019daf80-511e-7753-bfc0-393d5d6bcad9,019daf80-511a-7599-b51e-ba2c9162e783,savings,normal,2539.7427691940316,2026-04-21 10:05:15 +0000 UTC
019daf80-511e-775a-b47c-56f43edaa86f,019daf80-511a-759d-adc7-6b2cb1c39dc9,credit,high_spender,3517.043123575461,2026-04-21 10:05:15 +0000 UTC
019daf80-511e-7766-ae78-b240fb23a6dd,019daf80-511a-75a5-81a9-f12a19f6d367,current,low_spender,4375.269818096203,2026-04-21 10:05:15 +0000 UTC
019daf80-511e-7772-9158-8485988fb203,019daf80-511a-75b4-9bd8-73cc42735c87,savings,normal,7433.6053397107435,2026-04-21 10:05:15 +0000 UTC
019daf80-511e-777d-ae93-84728c015f66,019daf80-511a-75b8-807c-53746453047b,credit,high_spender,7779.794617773747,2026-04-21 10:05:15 +0000 UTC
019daf80-511e-7785-87e7-3ccdfcb84540,019daf80-511a-75c0-b26a-7f45e3f28869,current,low_spender,4399.975714149138,2026-04-21 10:05:15 +0000 UTC
019daf80-511e-7791-8871-ce6c72fe087a,019daf80-511a-75c8-aefa-7defc71d51b8,savings,normal,7470.94436711423,2026-04-21 10:05:15 +0000 UTC
019daf80-511e-779d-b06e-444e8fb1cdda,019daf80-511a-75d0-8f58-75fe750a99a8,credit,high_spender,785.8188110418007,2026-04-21 10:05:15 +0000 UTC
019daf80-511e-77a5-9e83-be2bc65e9bea,019daf80-511a-75d4-a59d-5b6d330a4d00,current,low_spender,384.347396350237,2026-04-21 10:05:15 +0000 UTC
019daf80-511e-77b0-8a12-c911f8c0ef26,019daf80-511a-75e7-9751-b1c3c07554d9,savings,normal,4158.518408127027,2026-04-21 10:05:15 +0000 UTC
019daf80-511e-77bc-8709-344ff54e3357,019daf80-511a-75ef-9af1-118d05340974,credit,high_spender,3709.658679769117,2026-04-21 10:05:15 +0000 UTC
019daf80-511e-77c8-b067-7767496bfb30,019daf80-511a-75f3-a2a1-717613b5baa6,current,low_spender,9366.1862554522,2026-04-21 10:05:15 +0000 UTC
019daf80-511e-77d0-929e-f55506c72e25,019daf80-511a-75fb-b12a-3338639c4ab7,savings,normal,6484.263435577265,2026-04-21 10:05:15 +0000 UTC
019daf80-511e-77db-8c32-b7c5b0236229,019daf80-511a-7603-a40c-6f12327d2a70,credit,high_spender,7706.231133888236,2026-04-21 10:05:15 +0000 UTC
019daf80-511e-77e7-b255-16e75c279d43,019daf80-511a-760a-874a-bf14179ca437,current,low_spender,5910.920644030645,2026-04-21 10:05:15 +0000 UTC
019daf80-511e-77ef-a6da-1e6d579c97b4,019daf80-511a-760e-b8a6-22b687dbc192,savings,normal,3.7781578027318297,2026-04-21 10:05:15 +0000 UTC
019daf80-511e-77fa-b0ac-6181d08dd05a,019daf80-511a-7616-a6ef-999db54262f7,credit,high_spender,4700.5913391626555,2026-04-21 10:05:15 +0000 UTC
019daf80-511e-7806-8a6b-abf36b50b4c9,019daf80-511a-761e-87a9-7ddb0d1dbce2,current,low_spender,9382.307874208931,2026-04-21 10:05:15 +0000 UTC
019daf80-511e-7812-8e38-9f23a29e3eb7,019daf80-511a-7626-afa2-e87a40ce63cc,savings,normal,7263.460358965554,2026-04-21 10:05:15 +0000 UTC
019daf80-511e-781e-92f7-ed441c1465c3,019daf80-511a-762e-b4f8-2df96d39208f,credit,high_spender,5154.266395258923,2026-04-21 10:05:15 +0000 UTC
019daf80-511e-7825-83dd-8b8eca443f08,019daf80-511a-7635-a666-35a4cb33c880,current,low_spender,6447.390002727216,2026-04-21 10:05:15 +0000 UTC
019daf80-511e-7831-bbeb-b7ff83592b7a,019daf80-511a-763d-9cc7-1b87aa37be65,savings,normal,4636.519823065598,2026-04-21 10:05:15 +0000 UTC
019daf80-511e-783d-9436-74c6b322ea76,019daf80-511a-7641-a326-c7027a224bed,credit,high_spender,2281.155106841819,2026-04-21 10:05:15 +0000 UTC
019daf80-511e-7849-80f0-d2cd775e92fb,019daf80-511a-7649-b6b6-9a77b8a88d03,current,low_spender,3712.6822047387936,2026-04-21 10:05:15 +0000 UTC
019daf80-511e-7850-919c-75dc6f941192,019daf80-511a-7651-a037-8d9cfc1d6400,savings,normal,8748.673339946488,2026-04-21 10:05:15 +0000 UTC
019daf80-511e-785c-b7a0-733ce3f03661,019daf80-511a-7659-8afa-7698f9953d89,credit,high_spender,6636.296786443329,2026-04-21 10:05:15 +0000 UTC
019daf80-511e-7868-a628-8a410bbc31b9,019daf80-511a-7664-9a55-97e9d9fb56d2,current,low_spender,5810.983044700721,2026-04-21 10:05:15 +0000 UTC
019daf80-511e-7874-9861-437f142be1c6,019daf80-511a-7674-a88e-d8d33ae0355d,savings,normal,7612.9479235312665,2026-04-21 10:05:15 +0000 UTC
019daf80-511e-787f-bb82-f5d300a85668,019daf80-511a-767c-86c2-0b043ca32e41,credit,high_spender,6559.116487864313,2026-04-21 10:05:15 +0000 UTC
019daf80-511e-788b-b469-c466ae1b575b,019daf80-511a-7680-93aa-fd76b690be06,current,low_spender,8227.96556198612,2026-04-21 10:05:15 +0000 UTC
019daf80-511e-7897-9712-7f72aea91227,019daf80-511a-7687-966a-14a20a79ec66,savings,normal,2619.893200032932,2026-04-21 10:05:15 +0000 UTC
019daf80-511e-78a2-b5df-41d9e79016e7,019daf80-511a-768f-81d9-eaffea909888,credit,high_spender,1515.1116209453808,2026-04-21 10:05:15 +0000 UTC
019daf80-511e-78ae-b7aa-a90e3890434b,019daf80-511a-7697-924f-385ee5e8aa79,current,low_spender,7342.021922889171,2026-04-21 10:05:15 +0000 UTC
019daf80-511e-78b6-8fe4-c0db3aa15922,019daf80-511a-769f-99da-e65931626f85,savings,normal,7812.916264409343,2026-04-21 10:05:15 +0000 UTC
019daf80-511e-78c2-a117-913bee6da811,019daf80-511a-76a3-aeae-7e6ece391a58,credit,high_spender,3642.453458136361,2026-04-21 10:05:15 +0000 UTC
019daf80-511e-78cd-9c5c-b0518fdd220c,019daf80-511a-76ab-b245-66f785ad807d,current,low_spender,3278.271003637643,2026-04-21 10:05:15 +0000 UTC
019daf80-511e-78d9-a1c7-c0a4b6145c8e,019daf80-511a-76b2-b236-2606f2879bbd,savings,normal,4852.953085563362,2026-04-21 10:05:15 +0000 UTC
019daf80-511e-78e5-8d96-3332c91a5c27,019daf80-511a-76ba-bcb8-840d2a877f71,credit,high_spender,420.49877663987655,2026-04-21 10:05:15 +0000 UTC
019daf80-511e-78f1-8782-b153d198b2e9,019daf80-511a-76c2-a420-8ba991652bdc,current,low_spender,3280.9690454483834,2026-04-21 10:05:15 +0000 UTC
019daf80-511e-78fc-a2be-eba89b1b5ae8,019daf80-511a-76ca-92e6-2d564fb67aa1,savings,normal,1811.0454479067905,2026-04-21 10:05:15 +0000 UTC
019daf80-511e-7904-9160-d8f41d52f3a1,019daf80-511a-76ce-a883-ad2f4bc85895,credit,high_spender,9849.951581951389,2026-04-21 10:05:15 +0000 UTC
019daf80-511e-7910-bb30-aba6fd10f351,019daf80-511a-76d6-ac59-30ad21df3d43,current,low_spender,9429.52013891449,2026-04-21 10:05:15 +0000 UTC
019daf80-511e-791c-ba00-074533bf0dde,019daf80-511a-76dd-86be-4b9c52d260ea,savings,normal,3571.674693476261,2026-04-21 10:05:15 +0000 UTC
019daf80-511e-7923-a562-a6245ae7eec1,019daf80-511a-76e1-8c3a-2c067b41e1c4,credit,high_spender,9466.67070844291,2026-04-21 10:05:15 +0000 UTC
019daf80-511e-792f-a0ce-a65fe4bdecc3,019daf80-511a-76e9-b62e-e9410ae67b2f,current,low_spender,1406.8253261503617,2026-04-21 10:05:15 +0000 UTC
019daf80-511e-793b-a5e2-d5ccf441eaca,019daf80-511a-76f9-84e8-32b1da6fc2db,savings,normal,1446.081393458018,2026-04-21 10:05:15 +0000 UTC
019daf80-511e-7947-96ff-22bc5e14daaa,019daf80-511a-7700-a64f-2cc554c39a8b,credit,high_spender,8639.13671334049,2026-04-21 10:05:15 +0000 UTC
019daf80-511e-794e-acaa-6902bd15a474,019daf80-511a-7708-a6bb-26a112ddc825,current,low_spender,3998.458287562492,2026-04-21 10:05:15 +0000 UTC
019daf80-511e-795a-b0a3-98a7584e1dd3,019daf80-511a-770c-8b7b-e914be43421f,savings,normal,8062.4155072019275,2026-04-21 10:05:15 +0000 UTC
019daf80-511e-7966-8b89-e57c6906f3fb,019daf80-511a-7714-ba7c-be7f80f6f1e0,credit,high_spender,3128.769943913074,2026-04-21 10:05:15 +0000 UTC
019daf80-511e-7971-ade4-b8647fa181f7,019daf80-511a-771c-9398-e77b2b3c83de,current,low_spender,5658.572909911015,2026-04-21 10:05:15 +0000 UTC
019daf80-511e-7979-9f6c-580b69c46bf6,019daf80-511a-7724-b93e-f8d844091ae0,savings,normal,319.88926628827016,2026-04-21 10:05:15 +0000 UTC
019daf80-511e-7985-9b40-f39298e83797,019daf80-511a-7728-b163-1b3c29286c18,credit,high_spender,3999.8965501086973,2026-04-21 10:05:15 +0000 UTC
019daf80-511e-7991-b04e-f674ce139467,019daf80-511a-7737-9177-21ea95a2ca21,current,low_spender,9004.780148764776,2026-04-21 10:05:15 +0000 UTC
019daf80-511e-799c-b961-5f2a84307338,019daf80-511a-773f-8b4a-db1ee8f9f54b,savings,normal,7018.057608863451,2026-04-21 10:05:15 +0000 UTC
019daf80-511e-79a4-90ce-be54955b206d,019daf80-511a-7743-94e5-8aa437000fbd,credit,high_spender,6966.592201532493,2026-04-21 10:05:15 +0000 UTC
019daf80-511e-79b0-98f7-6ca84e02217e,019daf80-511a-774b-a39b-bd0b0c2c2d71,current,low_spender,4174.974681093874,2026-04-21 10:05:15 +0000 UTC
019daf80-511e-79c0-aab5-01df84c61dd8,019daf80-511a-7753-9fd2-a6f60a6e7f19,savings,normal,6722.866171719577,2026-04-21 10:05:15 +0000 UTC
019daf80-511e-79cb-8688-e9b7660dc68d,019daf80-511a-775a-b61c-e5fdabea1824,credit,high_spender,1752.8172437899143,2026-04-21 10:05:15 +0000 UTC
019daf80-511e-79d3-8918-0a0b2f0f9d1e,019daf80-511a-775e-951c-50cbd6cba454,current,low_spender,6470.654810007725,2026-04-21 10:05:15 +0000 UTC
019daf80-511e-79df-8977-e6d16217293e,019daf80-511a-7766-8306-0b367ee9995c,savings,normal,8579.33408150472,2026-04-21 10:05:15 +0000 UTC
019daf80-511e-79eb-a06d-b352c4991672,019daf80-511a-776e-87e6-b2add531d486,credit,high_spender,3874.833585839139,2026-04-21 10:05:15 +0000 UTC
019daf80-511e-79f6-8d72-68618fb5d6d3,019daf80-511a-7772-b390-a9128a2b3f45,current,low_spender,5961.246859750569,2026-04-21 10:05:15 +0000 UTC
019daf80-511e-79fe-8bc9-6151fbeccd8a,019daf80-511a-777d-9200-a485f3679eec,savings,normal,1664.7753784908903,2026-04-21 10:05:15 +0000 UTC
019daf80-511e-7a0a-9f35-6523c0344285,019daf80-511a-7781-a64e-18e3596b03d9,credit,high_spender,2463.744644440948,2026-04-21 10:05:15 +0000 UTC
019daf80-511e-7a16-bb4d-6800ffb73883,019daf80-511a-7789-8571-604aecc64dc0,current,low_spender,7009.652929264925,2026-04-21 10:05:15 +0000 UTC
019daf80-511e-7a1d-86b9-d21d5f8a93d3,019daf80-511a-7791-b6dd-33085720ac54,savings,normal,3586.3527235646025,2026-04-21 10:05:15 +0000 UTC
019daf80-511e-7a29-852f-d9f29d9615d2,019daf80-511a-7799-8e31-d2b5402c8744,credit,high_spender,7865.683535412575,2026-04-21 10:05:15 +0000 UTC
019daf80-511e-7a35-ac2a-ae6e0c741511,019daf80-511a-779d-a3b6-c3d0c6dcfe24,current,low_spender,8663.812467204154,2026-04-21 10:05:15 +0000 UTC
019daf80-511e-7a41-88d2-83b8689cf3d7,019daf80-511a-77a5-95d9-a3b865955478,savings,normal,4284.977607298267,2026-04-21 10:05:15 +0000 UTC
019daf80-511e-7a48-b3d8-6709bb075de9,019daf80-511a-77b0-8eda-06cfbfcb2304,credit,high_spender,8261.880090616169,2026-04-21 10:05:15 +0000 UTC
019daf80-511e-7a54-86e7-07a13d23aea1,019daf80-511a-77b8-a320-613603b9f3d8,current,low_spender,411.3172382891378,2026-04-21 10:05:15 +0000 UTC
019daf80-511e-7a60-bdb2-5b07f69e4603,019daf80-511a-77c0-b221-b19caf5f5a90,savings,normal,4865.194016337675,2026-04-21 10:05:15 +0000 UTC
019daf80-511e-7a6b-9ad5-d1e5df7cea7b,019daf80-511a-77c8-8a76-adbd56a24b4f,credit,high_spender,8394.532933631388,2026-04-21 10:05:15 +0000 UTC
019daf80-511e-7a77-a240-8db3f3081761,019daf80-511a-77cc-8285-904fcfe1ac68,current,low_spender,8660.94405709476,2026-04-21 10:05:15 +0000 UTC
019daf80-511e-7a83-857a-bc3dc5c4fc7b,019daf80-511a-77d3-928e-2c5c85421d5b,savings,normal,4905.355430521096,2026-04-21 10:05:15 +0000 UTC
019daf80-511e-7a8f-bbf8-6d991bbdc702,019daf80-511a-77db-b620-08798cc33a60,credit,high_spender,4606.99068936118,2026-04-21 10:05:15 +0000 UTC
019daf80-511e-7a9a-b949-f8650828eb1e,019daf80-511a-77e3-9064-0ae7362a7612,current,low_spender,9958.747989278607,2026-04-21 10:05:15 +0000 UTC
019daf80-511e-7aa2-9adf-5ac73ed63b1e,019daf80-511a-77e7-9226-86a5df4c5f08,savings,normal,6867.500719438165,2026-04-21 10:05:15 +0000 UTC
019daf80-511e-7aae-9a11-2a01da72a120,019daf80-511a-77ef-b45d-5046cb33a008,credit,high_spender,2012.8614803813139,2026-04-21 10:05:15 +0000 UTC
019daf80-511e-7aba-b8fd-28c6dd80d992,019daf80-511a-77f7-93ff-caaad13f2923,current,low_spender,7589.002574954305,2026-04-21 10:05:15 +0000 UTC
019daf80-511e-7ac5-b0bb-8cc340d865e2,019daf80-511a-7806-89a8-a66d1d214f75,savings,normal,5255.681122454473,2026-04-21 10:05:15 +0000 UTC
019daf80-511e-7ad1-9ab6-ea16b99de8ed,019daf80-511a-780e-8cba-2e5b3d04b821,credit,high_spender,9890.522147936126,2026-04-21 10:05:15 +0000 UTC
019daf80-511e-7ad9-bb0e-2a09b4bbbcc9,019daf80-511a-7812-a7a4-4483b1322252,current,low_spender,2849.308417897461,2026-04-21 10:05:15 +0000 UTC
019daf80-511e-7ae5-8f76-f3c7eb00b22e,019daf80-511a-781a-b578-1d378ef94f09,savings,normal,681.1910052967557,2026-04-21 10:05:15 +0000 UTC
019daf80-511e-7af0-8bea-18a1cf917ed8,019daf80-511a-7822-b471-0afb7364df21,credit,high_spender,3841.760845463899,2026-04-21 10:05:15 +0000 UTC
019daf80-511e-7afc-9177-f3e06bd80951,019daf80-511a-7829-ab55-f62d7d7e36d4,current,low_spender,6037.434774032886,2026-04-21 10:05:15 +0000 UTC
019daf80-511e-7b04-a781-82c69c282261,019daf80-511a-782d-a1fc-934635b08f0a,savings,normal,8989.89813198616,2026-04-21 10:05:15 +0000 UTC
019daf80-511e-7b10-895d-bfc6f2f52693,019daf80-511a-7835-aa5d-8d5d791da5b9,credit,high_spender,4959.065406324795,2026-04-21 10:05:15 +0000 UTC
019daf80-511e-7b1b-bec6-45d3ce5f10b4,019daf80-511a-783d-a7bb-88eee0e9b7f8,current,low_spender,8606.992156895969,2026-04-21 10:05:15 +0000 UTC
019daf80-511e-7b27-80df-2a6c1186fe5e,019daf80-511a-7845-8d0e-b0234743d1c8,savings,normal,1388.192528424219,2026-04-21 10:05:15 +0000 UTC
019daf80-511e-7b33-8163-b4f7ce5a9264,019daf80-511a-784d-b2bc-383ea10bdbbf,credit,high_spender,4748.03741804039,2026-04-21 10:05:15 +0000 UTC
019daf80-511e-7b3b-a3e2-796a8b52f070,019daf80-511a-7850-b708-a1afb42b9fd2,current,low_spender,7302.1489512306125,2026-04-21 10:05:15 +0000 UTC
019daf80-511e-7b46-8b00-7cf1785294d1,019daf80-511a-7858-8b51-bc9bf1df5989,savings,normal,1761.6071047909766,2026-04-21 10:05:15 +0000 UTC
019daf80-511e-7b52-8447-a35ae61bc74a,019daf80-511a-7860-9d22-54625902e366,credit,high_spender,6697.868454847471,2026-04-21 10:05:15 +0000 UTC
019daf80-511e-7b5e-8697-07bb4486fa7f,019daf80-511a-7868-a505-bf296538f499,current,low_spender,9890.01322148228,2026-04-21 10:05:15 +0000 UTC
019daf80-511e-7b69-a901-48850ec94d55,019daf80-511a-786c-9e1b-53853e30f149,savings,normal,4507.8875463258755,2026-04-21 10:05:15 +0000 UTC
019daf80-511e-7b71-96ec-ddaa24f66212,019daf80-511a-7874-8c19-5d1d6aeb05b7,credit,high_spender,1496.3985446781792,2026-04-21 10:05:15 +0000 UTC
019daf80-511e-7b7d-a527-0ec24869b363,019daf80-511a-787b-b9b0-0697d696fd30,current,low_spender,9402.555852354433,2026-04-21 10:05:15 +0000 UTC
019daf80-511e-7b89-9e68-df7934bfbf64,019daf80-511a-7883-8d8b-a72116b7dc5d,savings,normal,3715.6339653859372,2026-04-21 10:05:15 +0000 UTC
019daf80-511e-7b90-91d0-40abb486ccd5,019daf80-511a-7887-844f-a7109469d24f,credit,high_spender,7006.061938133576,2026-04-21 10:05:15 +0000 UTC
019daf80-511e-7b9c-9edb-84d343c736eb,019daf80-511a-788f-af3f-97148a454047,current,low_spender,4400.08970151097,2026-04-21 10:05:15 +0000 UTC
019daf80-511e-7ba8-835d-6be64fc341c1,019daf80-511a-789b-b366-9eb222e58be3,savings,normal,6396.371029182444,2026-04-21 10:05:15 +0000 UTC
019daf80-511e-7bb0-b2d6-d85028cf403f,019daf80-511a-78a2-9c2c-183bc89ef6db,credit,high_spender,1858.6498646313316,2026-04-21 10:05:15 +0000 UTC
019daf80-511e-7bbb-85dd-0678103793fd,019daf80-511a-78aa-808d-6be6b9b16bae,current,low_spender,1489.055644664397,2026-04-21 10:05:15 +0000 UTC
019daf80-511e-7bc7-b9b8-63280f030ae1,019daf80-511a-78b2-a38a-da84e171c230,savings,normal,7093.957465190682,2026-04-21 10:05:15 +0000 UTC
019daf80-511e-7bd3-aed4-941755cd35dc,019daf80-511a-78b6-910f-9c5f6021d4b8,credit,high_spender,8094.613415306288,2026-04-21 10:05:15 +0000 UTC
019daf80-511e-7bdb-bd44-d179eb677cb9,019daf80-511a-78be-8fc1-537288bfafb0,current,low_spender,4612.057962183959,2026-04-21 10:05:15 +0000 UTC
019daf80-511e-7be6-b424-ab293175c84a,019daf80-511a-78c6-b708-fe6a4ccc69a9,savings,normal,3234.0005529965947,2026-04-21 10:05:15 +0000 UTC
019daf80-511e-7bf2-bfd5-e52a9985a509,019daf80-511a-78cd-9668-618ce5235555,credit,high_spender,1759.6945334900327,2026-04-21 10:05:15 +0000 UTC
019daf80-511e-7bfe-93a3-a463fec74ef4,019daf80-511a-78d5-9fa5-dabb5346ccc6,current,low_spender,5233.835214382164,2026-04-21 10:05:15 +0000 UTC
019daf80-511e-7c06-a010-44210a5eedd4,019daf80-511a-78e1-9909-69606b0f4928,savings,normal,1475.7928347803306,2026-04-21 10:05:15 +0000 UTC
019daf80-511e-7c11-8933-bd9dae884c3c,019daf80-511a-78e9-b704-51e9696a7d81,credit,high_spender,1385.7308705270789,2026-04-21 10:05:15 +0000 UTC
019daf80-511e-7c1d-9840-f6ba1ca7cd4e,019daf80-511a-78ed-8d00-ab60bfae7e13,current,low_spender,8135.135003425278,2026-04-21 10:05:15 +0000 UTC
019daf80-511e-7c29-a6bf-5f510cd072c0,019daf80-511a-78f4-999e-98242694c60a,savings,normal,5203.938137278875,2026-04-21 10:05:15 +0000 UTC
019daf80-511e-7c38-abcc-c2b13dd92ad3,019daf80-511a-78fc-b477-6fd315d7a49d,credit,high_spender,4446.2898949097835,2026-04-21 10:05:15 +0000 UTC
019daf80-511e-7c44-81f7-5cc000a9048f,019daf80-511a-7904-bd2f-6287a97f97cc,current,low_spender,9707.156926066,2026-04-21 10:05:15 +0000 UTC
019daf80-511e-7c4c-a9ad-acced5e2300a,019daf80-511a-790c-9a5f-6d07debfd233,savings,normal,8739.453842264342,2026-04-21 10:05:15 +0000 UTC
019daf80-511e-7c58-b4df-8eac6c380906,019daf80-511a-7914-b53c-dcc1c45d8f27,credit,high_spender,5519.062727980914,2026-04-21 10:05:15 +0000 UTC
019daf80-511e-7c63-a131-091dfb3c1cbf,019daf80-511a-7918-88b5-2eaa2f195cab,current,low_spender,414.1350849738279,2026-04-21 10:05:15 +0000 UTC
019daf80-511e-7c6f-bba0-1e87074dcf2d,019daf80-511a-791f-ab81-b5af4e685fda,savings,normal,6171.824913400331,2026-04-21 10:05:15 +0000 UTC
019daf80-511e-7c77-a709-463ffdbb3dd5,019daf80-511a-7927-bb28-85e5c30dad0c,credit,high_spender,1628.7160817142599,2026-04-21 10:05:15 +0000 UTC
019daf80-511e-7c83-8e74-44421c003ed8,019daf80-511a-792f-8525-48c5a2d4fde3,current,low_spender,1333.106349984623,2026-04-21 10:05:15 +0000 UTC
019daf80-511e-7c8e-b760-c795b08c987c,019daf80-511a-7933-a76c-5b21dc8fe61e,savings,normal,2003.928792532268,2026-04-21 10:05:15 +0000 UTC
019daf80-511e-7c9a-b0f4-37af2084bcf5,019daf80-511a-793b-a0b4-8e8ee5631f3f,credit,high_spender,6142.08752812901,2026-04-21 10:05:15 +0000 UTC
019daf80-511e-7ca2-a749-4fc0e00541d3,019daf80-511a-7943-89d1-6e490d957561,current,low_spender,7808.744638205238,2026-04-21 10:05:15 +0000 UTC
019daf80-511e-7cae-9c69-3e111649183c,019daf80-511a-7947-b911-dd1980f354ef,savings,normal,5416.2669396988085,2026-04-21 10:05:15 +0000 UTC
019daf80-511e-7cb9-bffa-b5868ad26935,019daf80-511a-794e-88ab-7680d0585858,credit,high_spender,6967.200523207752,2026-04-21 10:05:15 +0000 UTC
019daf80-511e-7cc5-b2f1-0a33f0f4967a,019daf80-511a-7956-b1af-d4f04c09804c,current,low_spender,7633.411141165324,2026-04-21 10:05:15 +0000 UTC
019daf80-511e-7ccd-8f2e-2afed6e7d5be,019daf80-511a-795e-8e1b-e10338106fff,savings,normal,9339.4851573828,2026-04-21 10:05:15 +0000 UTC
019daf80-511e-7cd9-9737-b109a1d4f48e,019daf80-511a-7962-8e8c-69e980681d62,credit,high_spender,3727.72392675436,2026-04-21 10:05:15 +0000 UTC
019daf80-511e-7ce8-b4ca-1354c31066f2,019daf80-511a-796a-ade0-e39f1d0eae20,current,low_spender,2568.337792911827,2026-04-21 10:05:15 +0000 UTC
019daf80-511e-7cf0-a6e6-7cc843839720,019daf80-511a-7971-81eb-fd4f955dffea,savings,normal,5529.965470263519,2026-04-21 10:05:15 +0000 UTC
019daf80-511e-7cfc-870c-0d771487b35c,019daf80-511a-7975-9dac-617861ef08be,credit,high_spender,8989.630844588972,2026-04-21 10:05:15 +0000 UTC
019daf80-511e-7d07-809b-f10d6ee0c286,019daf80-511a-797d-8361-3b02a6d6bf66,current,low_spender,3435.6895583893033,2026-04-21 10:05:15 +0000 UTC
019daf80-511e-7d13-a04d-aee3e87f0b46,019daf80-511a-7985-8f02-0650ae669782,savings,normal,9440.612724084795,2026-04-21 10:05:15 +0000 UTC
019daf80-511e-7d1b-97b6-735082d1602a,019daf80-511a-7995-98fa-5f8f7a17c80f,credit,high_spender,3407.1903560406636,2026-04-21 10:05:15 +0000 UTC
019daf80-511e-7d27-80fd-0555ff39f52c,019daf80-511a-7999-ba1b-0d19691b46f6,current,low_spender,1607.194165203179,2026-04-21 10:05:15 +0000 UTC
019daf80-511e-7d32-a35c-1e60347fded5,019daf80-511a-79a0-b5d0-aee0bbe44dfa,savings,normal,7059.898172089155,2026-04-21 10:05:15 +0000 UTC
019daf80-511e-7d3e-ac54-5be3edb9c95c,019daf80-511a-79a8-adc9-ac7efcf0fea8,credit,high_spender,5386.563972099339,2026-04-21 10:05:15 +0000 UTC
019daf80-511e-7d46-8817-c7e20edf435e,019daf80-511a-79b0-87a8-ecdc4203e7ab,current,low_spender,6358.927879047423,2026-04-21 10:05:15 +0000 UTC
019daf80-511e-7d52-8f10-b5961f25a853,019daf80-511a-79b4-94b3-4b5cd4207a0d,savings,normal,1323.5754162527958,2026-04-21 10:05:15 +0000 UTC
019daf80-511e-7d5d-b7b8-27c373ded540,019daf80-511a-79bc-a09e-d7281b292b1f,credit,high_spender,2351.75604784228,2026-04-21 10:05:15 +0000 UTC
019daf80-511e-7d69-9175-d469061f7879,019daf80-511a-79c4-9504-2b673cec4521,current,low_spender,7132.0888929756575,2026-04-21 10:05:15 +0000 UTC
019daf80-511e-7d75-b79f-aac4a2a7c124,019daf80-511a-79d3-aea3-186e76913b15,savings,normal,3797.6699086432104,2026-04-21 10:05:15 +0000 UTC
019daf80-511e-7d81-89bf-d4ef6db814c5,019daf80-511a-79d7-8b4b-21057c381d50,credit,high_spender,3285.397603979455,2026-04-21 10:05:15 +0000 UTC
019daf80-511e-7d8c-a7db-39e8d0807837,019daf80-511a-79df-8f71-a5e730096474,current,low_spender,5455.620236175703,2026-04-21 10:05:15 +0000 UTC
019daf80-511e-7d94-a353-a46b011851d0,019daf80-511a-79e7-ba2f-942edcce720f,savings,normal,2306.194092432906,2026-04-21 10:05:15 +0000 UTC
019daf80-511e-7da0-b5ba-6983274639ba,019daf80-511a-79eb-9fff-6f5074830e76,credit,high_spender,934.93334747277,2026-04-21 10:05:15 +0000 UTC
019daf80-511e-7dac-bdf6-2811f78feb87,019daf80-511a-79f2-9e47-d558a11236b1,current,low_spender,559.7742760359248,2026-04-21 10:05:15 +0000 UTC
019daf80-511e-7db7-a09a-1c1a26560eb1,019daf80-511a-79fa-a1d7-96c6e94a4fc8,savings,normal,5901.673019375664,2026-04-21 10:05:15 +0000 UTC
019daf80-511e-7dbf-9248-ce03a4af3ddf,019daf80-511a-7a02-94a2-7217abf15226,credit,high_spender,4113.997977887348,2026-04-21 10:05:15 +0000 UTC
019daf80-511e-7dcb-bbdd-4538b845c58a,019daf80-511a-7a06-9582-19aff0bed99a,current,low_spender,1200.0742837075334,2026-04-21 10:05:15 +0000 UTC
019daf80-511e-7dd6-aa16-ed02d54c66ff,019daf80-511a-7a19-b31e-8d8a3868efc6,savings,normal,2256.186202032299,2026-04-21 10:05:15 +0000 UTC
019daf80-511e-7dde-af04-345d99a5eaa8,019daf80-511a-7a21-81f7-7962181da9e3,credit,high_spender,9878.558952703617,2026-04-21 10:05:15 +0000 UTC
019daf80-511e-7dea-9518-e37d6082d2d6,019daf80-511a-7a25-a404-b0e626892c60,current,low_spender,8010.491338306809,2026-04-21 10:05:15 +0000 UTC
019daf80-511e-7df6-971b-9b0ac7e45241,019daf80-511a-7a2d-882f-d768717365bd,savings,normal,1623.706756487231,2026-04-21 10:05:15 +0000 UTC
019daf80-511e-7e01-bfe5-b7502484f943,019daf80-511a-7a35-9f5a-14cc4e92e12d,credit,high_spender,8398.072134008058,2026-04-21 10:05:15 +0000 UTC
019daf80-511e-7e0d-9a3d-b3b514a33d4b,019daf80-511a-7a39-88b9-a91c7907d4a3,current,low_spender,1726.3286718058323,2026-04-21 10:05:15 +0000 UTC
019daf80-511e-7e15-bc65-79b00e0a50c4,019daf80-511a-7a41-b124-8960329e393e,savings,normal,9650.90349562317,2026-04-21 10:05:15 +0000 UTC
019daf80-511e-7e21-9f47-91f2ff1b47c8,019daf80-511a-7a48-8837-d9e6f0c7b7cb,credit,high_spender,1507.3858677338148,2026-04-21 10:05:15 +0000 UTC
019daf80-511e-7e2c-be4f-042b409776bd,019daf80-511a-7a50-bac6-b192cbe6d122,current,low_spender,8715.360371905967,2026-04-21 10:05:15 +0000 UTC
019daf80-511e-7e38-bc9e-9ffc76887896,019daf80-511a-7a54-90a8-6152a5b916c2,savings,normal,2078.439130135465,2026-04-21 10:05:15 +0000 UTC
019daf80-511e-7e40-9979-1cd42f7fa2ff,019daf80-511a-7a64-9e8d-0e65ad574367,credit,high_spender,7830.643736253354,2026-04-21 10:05:15 +0000 UTC
019daf80-511e-7e4c-a863-6e15cf590a0f,019daf80-511a-7a68-9366-360e1e20629d,current,low_spender,7275.621750905267,2026-04-21 10:05:15 +0000 UTC
019daf80-511e-7e57-a316-410048ca21b1,019daf80-511a-7a6f-8a14-ce3d2d762129,savings,normal,348.62759358561703,2026-04-21 10:05:15 +0000 UTC
019daf80-511e-7e63-8ba8-f20f1a400f8d,019daf80-511a-7a77-8d1a-cd1948e36862,credit,high_spender,9161.36699960218,2026-04-21 10:05:15 +0000 UTC
019daf80-511e-7e6f-bba5-6522b20f3b82,019daf80-511a-7a7f-8ad0-0ec6e56dec33,current,low_spender,939.5629701914793,2026-04-21 10:05:15 +0000 UTC
019daf80-511e-7e77-a8aa-3dcc6d3b296e,019daf80-511a-7a83-90f1-4ca9abfb3b9e,savings,normal,9912.379679698117,2026-04-21 10:05:15 +0000 UTC
019daf80-511e-7e82-bd25-a8f5318f5e8f,019daf80-511a-7a8b-b7d1-125bd91bf712,credit,high_spender,9915.162639428992,2026-04-21 10:05:15 +0000 UTC
019daf80-511e-7e8e-ae48-d052e46230d2,019daf80-511a-7a93-9807-350dc3101945,current,low_spender,6547.2145247058215,2026-04-21 10:05:15 +0000 UTC
019daf80-511e-7e9a-a604-883bf36a7264,019daf80-511a-7aa2-9095-9ffac46fc19d,savings,normal,2526.0207332400846,2026-04-21 10:05:15 +0000 UTC
019daf80-511e-7ea2-93b3-7d8565a2c158,019daf80-511a-7aa6-ad7d-ea9c73807a58,credit,high_spender,3258.691122386566,2026-04-21 10:05:15 +0000 UTC
019daf80-511e-7ead-a04e-cebab04c196b,019daf80-511a-7aae-b262-e189d83b83a3,current,low_spender,7109.7450081284205,2026-04-21 10:05:15 +0000 UTC
019daf80-511e-7eb9-8566-ce14bfe4d5ec,019daf80-511a-7ab6-8bf7-6583a9ce9e77,savings,normal,7.463929488514265,2026-04-21 10:05:15 +0000 UTC
019daf80-511e-7ec5-b061-057d352071df,019daf80-511a-7abe-89e6-6b040035bf40,credit,high_spender,1197.203910869708,2026-04-21 10:05:15 +0000 UTC
019daf80-511e-7ed0-b916-bfe049a4704c,019daf80-511a-7ac1-a107-a99857d82150,current,low_spender,3867.9284795332974,2026-04-21 10:05:15 +0000 UTC
019daf80-511e-7ed8-af0c-37f71cbd2072,019daf80-511a-7add-b4f0-93b822d0d381,savings,normal,1826.2999976072135,2026-04-21 10:05:15 +0000 UTC
019daf80-511e-7ee4-8418-e5391ac26c66,019daf80-511a-7ae5-aea6-ec1abc337f90,credit,high_spender,6990.380940730236,2026-04-21 10:05:15 +0000 UTC
019daf80-511e-7ef0-be3c-90a2a57eaf6e,019daf80-511a-7ae8-8813-c3f9ef903bb3,current,low_spender,9530.93259658861,2026-04-21 10:05:15 +0000 UTC
019daf80-511e-7efb-88de-27835fc8856b,019daf80-511a-7af0-b4b1-b143a10016e5,savings,normal,1410.7316734504393,2026-04-21 10:05:15 +0000 UTC
019daf80-511e-7f07-b38a-35b6c4eabede,019daf80-511a-7af8-88c5-9cb9c268e067,credit,high_spender,5233.845302421033,2026-04-21 10:05:15 +0000 UTC
019daf80-511e-7f13-a0be-7ce43254db57,019daf80-511a-7afc-9d6c-aa21bcc5cdc7,current,low_spender,8899.42520559441,2026-04-21 10:05:15 +0000 UTC
019daf80-511e-7f1b-9b39-68859216a4bc,019daf80-511a-7b04-a998-4f8b0c0503bc,savings,normal,5740.219948347652,2026-04-21 10:05:15 +0000 UTC
019daf80-511e-7f26-9281-9865ad3a403c,019daf80-511a-7b0c-9544-e72cf082b295,credit,high_spender,4706.762153269222,2026-04-21 10:05:15 +0000 UTC
019daf80-511e-7f32-8342-a4a6eeea2c00,019daf80-511a-7b10-8bc6-88efed1b313e,current,low_spender,2573.212204152117,2026-04-21 10:05:15 +0000 UTC
019daf80-511e-7f3e-9581-9ab095f7eefa,019daf80-511a-7b17-b2fc-d1c241894023,savings,normal,4219.3362564344,2026-04-21 10:05:15 +0000 UTC
019daf80-511f-7007-8a11-348458317899,019daf80-511a-7b1f-8864-11d6ca33f724,credit,high_spender,8069.096338424415,2026-04-21 10:05:15 +0000 UTC
019daf80-511f-7013-aecd-c5c3ec357d41,019daf80-511a-7b27-8dbb-49606dd1d857,current,low_spender,316.8919005409376,2026-04-21 10:05:15 +0000 UTC
019daf80-511f-701b-96f6-52ffc885b0d9,019daf80-511a-7b2b-8fe4-3cce10ab1c50,savings,normal,5573.598177696426,2026-04-21 10:05:15 +0000 UTC
019daf80-511f-7027-b4ea-92cd4ababb90,019daf80-511a-7b33-a235-b3afff031fff,credit,high_spender,3229.0646717579107,2026-04-21 10:05:15 +0000 UTC
019daf80-511f-7032-9e8c-90341d83763e,019daf80-511a-7b3b-b475-8c6054163078,current,low_spender,5182.141097765516,2026-04-21 10:05:15 +0000 UTC
019daf80-511f-703a-a062-4b0aea222821,019daf80-511a-7b42-9bf6-ad7dc18ebfe3,savings,normal,2602.1878900592715,2026-04-21 10:05:15 +0000 UTC
019daf80-511f-7046-b75a-bb54e070e2a2,019daf80-511a-7b4a-8701-2be7b4013cd9,credit,high_spender,2060.3086143003575,2026-04-21 10:05:15 +0000 UTC
019daf80-511f-7052-a8fc-2d5fa4738a88,019daf80-511a-7b4e-bc9e-bcde53227353,current,low_spender,2609.989048989252,2026-04-21 10:05:15 +0000 UTC
019daf80-511f-705d-9380-29519aa27137,019daf80-511a-7b5e-ad75-f76617c8686a,savings,normal,4154.703632076484,2026-04-21 10:05:15 +0000 UTC
019daf80-511f-7065-91f8-f48ac57128f8,019daf80-511a-7b62-b818-ec4c968d4446,credit,high_spender,2083.701650181914,2026-04-21 10:05:15 +0000 UTC
019daf80-511f-7075-b443-3f399a7bede6,019daf80-511a-7b69-ab34-b2db4c398a71,current,low_spender,9619.05609692512,2026-04-21 10:05:15 +0000 UTC
019daf80-511f-707d-bfa9-f090ca23c4fe,019daf80-511a-7b71-b0d6-f01a0b657cbf,savings,normal,3434.36944677369,2026-04-21 10:05:15 +0000 UTC
019daf80-511f-7088-8503-fcbd92cd35aa,019daf80-511a-7b79-9ada-913690222442,credit,high_spender,2411.6190996599594,2026-04-21 10:05:15 +0000 UTC
019daf80-511f-7094-bb80-06c1614e3287,019daf80-511a-7b81-9f04-e28214ca89c7,current,low_spender,3092.625339929123,2026-04-21 10:05:15 +0000 UTC
019daf80-511f-70a0-9215-8efded367703,019daf80-511a-7b85-82e4-ac94de9ad280,savings,normal,6398.383437418338,2026-04-21 10:05:15 +0000 UTC
019daf80-511f-70a7-acba-8c42c3e5b43d,019daf80-511a-7b94-ba3f-dc32568efaa6,credit,high_spender,6525.158181322112,2026-04-21 10:05:15 +0000 UTC
019daf80-511f-70cb-86b5-7ee934cf78f8,019daf80-511a-7b9c-b4d6-a267c83dafd4,current,low_spender,5109.844398189664,2026-04-21 10:05:15 +0000 UTC
019daf80-511f-70d6-86f2-fe0cc8df8474,019daf80-511a-7ba4-9388-9a8f0ba4774d,savings,normal,8042.557228597175,2026-04-21 10:05:15 +0000 UTC
019daf80-511f-70e2-9f5c-97d46831e717,019daf80-511a-7bac-afff-77a846082c89,credit,high_spender,7856.169040346006,2026-04-21 10:05:15 +0000 UTC
019daf80-511f-70ee-b73c-bad78aafed67,019daf80-511a-7bb0-a4f2-3cf5428482fd,current,low_spender,6559.967557029893,2026-04-21 10:05:15 +0000 UTC
019daf80-511f-70f6-a7b2-dd2088b258d6,019daf80-511a-7bc7-9950-2503caf927b9,savings,normal,6305.819808334529,2026-04-21 10:05:15 +0000 UTC
019daf80-511f-7101-aaab-567f56b9e626,019daf80-511a-7bcf-b12f-f9e777282b92,credit,high_spender,5467.183571771461,2026-04-21 10:05:15 +0000 UTC
019daf80-511f-710d-8000-abe69fb42151,019daf80-511a-7bd7-9776-2bc8624c276a,current,low_spender,7429.160385881603,2026-04-21 10:05:15 +0000 UTC
019daf80-511f-7115-be4d-abb1de50a412,019daf80-511a-7bdf-b20e-ce854f37b692,savings,normal,3328.567844834379,2026-04-21 10:05:15 +0000 UTC
019daf80-511f-7121-b2fc-64c7b71f0d40,019daf80-511a-7be2-b6fe-8524c3287518,credit,high_spender,6650.862080711671,2026-04-21 10:05:15 +0000 UTC
019daf80-511f-712c-8ce0-1a19a413e01d,019daf80-511a-7bea-a1ce-28957529053a,current,low_spender,4783.063328431459,2026-04-21 10:05:15 +0000 UTC
019daf80-511f-7138-b205-701220d04766,019daf80-511a-7bf2-be88-5acaef87734a,savings,normal,2808.2002406339784,2026-04-21 10:05:15 +0000 UTC
019daf80-511f-7140-935a-0958da78a8c5,019daf80-511a-7bfa-9d5d-6090f082279c,credit,high_spender,4487.41049069945,2026-04-21 10:05:15 +0000 UTC
019daf80-511f-714c-900e-f35d22e5035e,019daf80-511a-7bfe-8c45-9ca912826abd,current,low_spender,4874.417269624973,2026-04-21 10:05:15 +0000 UTC
019daf80-511f-7157-a7b6-b4f67b471948,019daf80-511a-7c06-a744-763e625c5ad7,savings,normal,178.9383317391341,2026-04-21 10:05:15 +0000 UTC
019daf80-511f-715f-96b1-a99379c2006e,019daf80-511a-7c0d-9579-41239d3e5bf5,credit,high_spender,4258.2328032941205,2026-04-21 10:05:15 +0000 UTC
019daf80-511f-716b-947c-258091c3c254,019daf80-511a-7c19-9a1a-d08e99c22dca,current,low_spender,6711.159599805876,2026-04-21 10:05:15 +0000 UTC
019daf80-511f-7177-afba-a01c1e9b2a9f,019daf80-511a-7c21-b5d8-a3305361b2c9,savings,normal,6496.859973319902,2026-04-21 10:05:15 +0000 UTC
019daf80-511f-7182-9f32-05cdb68335a6,019daf80-511a-7c29-85f3-c646c5dbec3a,credit,high_spender,1825.4620783179564,2026-04-21 10:05:15 +0000 UTC
019daf80-511f-718a-912b-dda19e5114d1,019daf80-511a-7c2d-b422-b5eb5a08d3bc,current,low_spender,2334.501729720899,2026-04-21 10:05:15 +0000 UTC
019daf80-511f-7196-aed1-ed8365ee3feb,019daf80-511a-7c35-b986-a4adeac14501,savings,normal,8986.763505541629,2026-04-21 10:05:15 +0000 UTC
019daf80-511f-71a1-abe9-19ecdfbdeab0,019daf80-511a-7c3c-b9ca-722043f3f03e,credit,high_spender,775.9192687800626,2026-04-21 10:05:15 +0000 UTC
019daf80-511f-71ad-ba37-92975b55d130,019daf80-511a-7c44-a573-7d38f0bc5c9a,current,low_spender,1699.0775737609426,2026-04-21 10:05:15 +0000 UTC
019daf80-511f-71b9-b523-53079ba67670,019daf80-511a-7c50-84f8-75a6b8c72df1,savings,normal,4554.216913446965,2026-04-21 10:05:15 +0000 UTC
019daf80-511f-71c1-8ccf-586a5949104f,019daf80-511a-7c58-9de1-100fdb3cc6ae,credit,high_spender,2382.8748859994807,2026-04-21 10:05:15 +0000 UTC
019daf80-511f-71cc-9e3c-cf348f26738a,019daf80-511a-7c5c-a3ae-a95a12e399a1,current,low_spender,4463.74137600853,2026-04-21 10:05:15 +0000 UTC
019daf80-511f-71d8-8dee-ac573b4055ce,019daf80-511a-7c63-b37c-07e1f47488e7,savings,normal,4332.092093440971,2026-04-21 10:05:15 +0000 UTC
019daf80-511f-71e0-940b-5dc45c42295d,019daf80-511a-7c6b-84da-8b31a71202da,credit,high_spender,666.8035122471628,2026-04-21 10:05:15 +0000 UTC
019daf80-511f-71ec-8b0d-bd8c391f15b5,019daf80-511a-7c6f-951c-4fd04dec6924,current,low_spender,6659.592796051009,2026-04-21 10:05:15 +0000 UTC
019daf80-511f-71f7-9b70-20c12809f76e,019daf80-511a-7c77-8a96-d2fb788cee0e,savings,normal,7987.493937095916,2026-04-21 10:05:15 +0000 UTC
019daf80-511f-7203-901c-6818e7da7a07,019daf80-511a-7c7f-9e57-488866fa27ac,credit,high_spender,5161.818611617661,2026-04-21 10:05:15 +0000 UTC
019daf80-511f-720b-a833-04ee34e2f385,019daf80-511a-7c87-b5d2-e8f1af74a64b,current,low_spender,2082.938439001553,2026-04-21 10:05:15 +0000 UTC
019daf80-511f-7217-b6af-aab235394dbc,019daf80-511a-7c8a-9b7e-9f15c6062376,savings,normal,503.35528621885896,2026-04-21 10:05:15 +0000 UTC
019daf80-511f-7222-ac46-12e6d12b2ba8,019daf80-511a-7c92-a88d-8c009e576c9c,credit,high_spender,7950.196418231457,2026-04-21 10:05:15 +0000 UTC
019daf80-511f-722e-9ebc-9b849daf0bd8,019daf80-511a-7c9a-a610-411f5ea80883,current,low_spender,170.03149807412743,2026-04-21 10:05:15 +0000 UTC
019daf80-511f-7236-81a2-c918a23516ef,019daf80-511a-7c9e-883d-eaeaf3c057f6,savings,normal,6912.529443621836,2026-04-21 10:05:15 +0000 UTC
019daf80-511f-7242-b064-ea1a89e822e7,019daf80-511a-7ca6-8d44-db7b9d731c7f,credit,high_spender,6866.91162190316,2026-04-21 10:05:15 +0000 UTC
019daf80-511f-724d-8ee7-26b2f45152b7,019daf80-511a-7cae-84a1-320e9434f4cb,current,low_spender,2878.731714604041,2026-04-21 10:05:15 +0000 UTC
019daf80-511f-7259-b0f8-1fce390c07e2,019daf80-511a-7cb5-8abb-ceacc0c3b8c2,savings,normal,5607.469397613365,2026-04-21 10:05:15 +0000 UTC
019daf80-511f-7261-ba59-84213eb367f8,019daf80-511a-7cb9-8ed2-4409538c325c,credit,high_spender,3032.922690667601,2026-04-21 10:05:15 +0000 UTC
019daf80-511f-726d-802a-2c7b7ae4c6d4,019daf80-511a-7cc1-a0f6-9439d1fa5de7,current,low_spender,951.9044587874753,2026-04-21 10:05:15 +0000 UTC
019daf80-511f-7278-ac0e-1043f3f4f638,019daf80-511a-7cc9-8e84-128ee8f688a9,savings,normal,5560.202855768542,2026-04-21 10:05:15 +0000 UTC
019daf80-511f-7284-a2d0-a088450597cd,019daf80-511a-7ccd-b76d-217286acb5dc,credit,high_spender,4467.671576950034,2026-04-21 10:05:15 +0000 UTC
019daf80-511f-7290-b79f-9956b302ed46,019daf80-511a-7cd5-97ce-653f57593f8e,current,low_spender,944.4072685858806,2026-04-21 10:05:15 +0000 UTC
019daf80-511f-7298-8d23-e320e5bb05e1,019daf80-511a-7cdc-8a5a-7d4bea752542,savings,normal,5447.482821081773,2026-04-21 10:05:15 +0000 UTC
019daf80-511f-72a3-9deb-6f73b6472c76,019daf80-511a-7ce4-92cb-9eaab8e61b07,credit,high_spender,77.32794735699933,2026-04-21 10:05:15 +0000 UTC
019daf80-511f-72af-875d-abd28c9f90ae,019daf80-511a-7cec-8325-6a727c01bef4,current,low_spender,7757.626470504928,2026-04-21 10:05:15 +0000 UTC
019daf80-511f-72b7-af9a-ef567a9be7b9,019daf80-511a-7cf0-a49d-c910511c494d,savings,normal,182.03829135730209,2026-04-21 10:05:15 +0000 UTC
019daf80-511f-72c3-a623-22e8c19a8f6f,019daf80-511a-7cf8-af47-05db5a52a26f,credit,high_spender,9139.027411423293,2026-04-21 10:05:15 +0000 UTC
019daf80-511f-72ce-95e0-14419bcc28e8,019daf80-511a-7d00-a893-7e57f0629fcf,current,low_spender,6146.784316863055,2026-04-21 10:05:15 +0000 UTC
019daf80-511f-72e2-97b8-6f49082adb50,019daf80-511a-7d0b-9e1d-a89d6aadb5a1,savings,normal,2518.2623300888818,2026-04-21 10:05:15 +0000 UTC
019daf80-511f-72ea-a1e4-cac577bad961,019daf80-511a-7d13-9d80-35db7b6d20f5,credit,high_spender,4700.521541408339,2026-04-21 10:05:15 +0000 UTC
019daf80-511f-72fd-82e4-0e15c2950592,019daf80-511a-7d1b-9abe-f9272ec902c4,current,low_spender,7594.869573660698,2026-04-21 10:05:15 +0000 UTC
019daf80-511f-7309-a9c4-b78c6e7169be,019daf80-511a-7d1f-b59c-fe8ab62a6a87,savings,normal,3399.438118415194,2026-04-21 10:05:15 +0000 UTC
019daf80-511f-7311-aa48-4ea75de91c31,019daf80-511a-7d27-be36-189cae6cae7e,credit,high_spender,663.1951650319534,2026-04-21 10:05:15 +0000 UTC
019daf80-511f-731c-9d7b-0e0d7a841db7,019daf80-511a-7d2f-8743-1222a92270eb,current,low_spender,1535.5360340842594,2026-04-21 10:05:15 +0000 UTC
019daf80-511f-7328-be8f-ddd023c5f6bb,019daf80-511a-7d32-818b-9191e952189b,savings,normal,5132.081097964991,2026-04-21 10:05:15 +0000 UTC
019daf80-511f-7334-ba88-d06b3af82a9d,019daf80-511a-7d3a-96de-753cc272687c,credit,high_spender,4983.245247516768,2026-04-21 10:05:15 +0000 UTC
019daf80-511f-733c-b071-27044baa5f9b,019daf80-511a-7d42-991c-b03a7b15b777,current,low_spender,2880.219595594326,2026-04-21 10:05:15 +0000 UTC
019daf80-511f-7347-8935-27814cd9bea4,019daf80-511a-7d4a-ac61-70c7cd9888e8,savings,normal,3458.7142413327365,2026-04-21 10:05:15 +0000 UTC
019daf80-511f-7353-ad98-02a7d753f6d3,019daf80-511a-7d4e-abeb-bd688b2c55cb,credit,high_spender,156.8451001455612,2026-04-21 10:05:15 +0000 UTC
019daf80-511f-735f-8de0-ede73aed954a,019daf80-511a-7d56-a236-77a4e8b63b74,current,low_spender,234.73570253687848,2026-04-21 10:05:15 +0000 UTC
019daf80-511f-7367-acba-f9a2790347d9,019daf80-511a-7d5d-83c3-ce77224ea706,savings,normal,8129.907334948741,2026-04-21 10:05:15 +0000 UTC
019daf80-511f-7372-b61d-e9f201ac79b8,019daf80-511a-7d65-8526-c95fedda3e78,credit,high_spender,2116.67797332481,2026-04-21 10:05:15 +0000 UTC
019daf80-511f-737e-a379-346c60cfa9f9,019daf80-511a-7d6d-b520-8126f63bdf6b,current,low_spender,2935.054366119992,2026-04-21 10:05:15 +0000 UTC
019daf80-511f-7392-b264-66055e6ce0a9,019daf80-511a-7d75-bc98-c671eca48663,savings,normal,9211.294276082835,2026-04-21 10:05:15 +0000 UTC
019daf80-511f-739d-8853-6bfba2622bf7,019daf80-511a-7d79-998c-abed5fa64e02,credit,high_spender,1525.2245688246403,2026-04-21 10:05:15 +0000 UTC
019daf80-511f-73a5-96b5-095bb7a6f760,019daf80-511a-7d81-8a23-62e665c573e9,current,low_spender,3209.3510949195665,2026-04-21 10:05:15 +0000 UTC
019daf80-511f-73b1-815b-20333b243043,019daf80-511a-7d88-98dd-367365023d9b,savings,normal,934.7119332227527,2026-04-21 10:05:15 +0000 UTC
019daf80-511f-73bd-aa83-4f638bff6147,019daf80-511a-7d8c-920b-7b1ff3bccb8a,credit,high_spender,1076.541821682123,2026-04-21 10:05:15 +0000 UTC
019daf80-511f-73c4-81e3-d2fad5515eb2,019daf80-511a-7d9c-9671-f04cdb7ee89d,current,low_spender,5866.044168192239,2026-04-21 10:05:15 +0000 UTC
019daf80-511f-73d4-bb30-2dc4b4c2ede8,019daf80-511a-7da4-8e13-31c42ac7fc62,savings,normal,4349.459672808854,2026-04-21 10:05:15 +0000 UTC
019daf80-511f-73e4-868e-92d701804278,019daf80-511a-7da8-b67a-b9b4203b26df,credit,high_spender,8523.827906638875,2026-04-21 10:05:15 +0000 UTC
019daf80-511f-73ef-9632-83d3f0e484fb,019daf80-511a-7daf-a364-1dd263aac21b,current,low_spender,525.9217907629915,2026-04-21 10:05:15 +0000 UTC
019daf80-511f-73fb-9f65-74298186021d,019daf80-511a-7db7-bbd3-9d8b63114106,savings,normal,8924.380992926757,2026-04-21 10:05:15 +0000 UTC
019daf80-511f-7407-bb7f-b48f5aea5640,019daf80-511a-7dbf-be8e-3a0668103d4c,credit,high_spender,2676.695631638417,2026-04-21 10:05:15 +0000 UTC
019daf80-511f-740f-97ec-5b82472dc843,019daf80-511a-7dc3-a672-d226005f8d8a,current,low_spender,3956.636345124398,2026-04-21 10:05:15 +0000 UTC
019daf80-511f-7422-9e37-a0e7eddf8601,019daf80-511a-7dda-97c5-4ab234f82d29,savings,normal,1343.8507037723002,2026-04-21 10:05:15 +0000 UTC
019daf80-511f-742e-abd3-99f83568016e,019daf80-511a-7dde-9407-0890e11394f3,credit,high_spender,2342.714806454462,2026-04-21 10:05:15 +0000 UTC
019daf80-511f-7436-abc2-eec3a6bdc829,019daf80-511a-7de6-b297-0fdd3112f745,current,low_spender,6725.874412312866,2026-04-21 10:05:15 +0000 UTC
019daf80-511f-7441-a423-6a6ccadef1c8,019daf80-511a-7dee-829a-ecb4d15a33e7,savings,normal,3952.3487676044842,2026-04-21 10:05:15 +0000 UTC
019daf80-511f-744d-8768-009b2acf86d4,019daf80-511a-7df6-8d8b-6c0d0b60f583,credit,high_spender,7855.976586788956,2026-04-21 10:05:15 +0000 UTC
019daf80-511f-74ab-bf29-f9bb95233b60,019daf80-511a-7dfa-87a4-1ffaa5be0239,current,low_spender,145.06632088266858,2026-04-21 10:05:15 +0000 UTC
019daf80-511f-74ce-baad-7691605d2de4,019daf80-511a-7e01-9d28-533cc9c5e0dd,savings,normal,8374.788797393385,2026-04-21 10:05:15 +0000 UTC
019daf80-511f-74de-9070-9e449b01aaea,019daf80-511a-7e09-9d94-8eb2ce962178,credit,high_spender,696.9823575283295,2026-04-21 10:05:15 +0000 UTC
019daf80-511f-74ed-a8f9-91ec63c1410f,019daf80-511a-7e0d-b0b1-13ab73134ba9,current,low_spender,6049.658435912159,2026-04-21 10:05:15 +0000 UTC
019daf80-511f-74f9-b28d-9d8bd5831769,019daf80-511a-7e15-84b6-42818dd404ff,savings,normal,7910.668383280947,2026-04-21 10:05:15 +0000 UTC
019daf80-511f-7505-af57-d03e1c258bc1,019daf80-511a-7e1d-986b-a3cfd4f9569b,credit,high_spender,8162.449101268538,2026-04-21 10:05:15 +0000 UTC
019daf80-511f-7510-96e9-6966aad04e06,019daf80-511a-7e21-a4c6-83164a3ba281,current,low_spender,7563.197262322956,2026-04-21 10:05:15 +0000 UTC
019daf80-511f-7520-94ae-410429c48fb2,019daf80-511a-7e29-8971-47e199ff4e84,savings,normal,4519.056724580389,2026-04-21 10:05:15 +0000 UTC
019daf80-511f-752c-9aa3-8ac79b7d9a55,019daf80-511a-7e30-9c02-0402fbaa8fb6,credit,high_spender,6705.5674859434475,2026-04-21 10:05:15 +0000 UTC
019daf80-511f-7547-a81a-2b1fd570114c,019daf80-511a-7e38-bdc4-876e27823eaf,current,low_spender,6474.9045481294825,2026-04-21 10:05:15 +0000 UTC
019daf80-511f-7553-8a7e-3df5d672c35f,019daf80-511a-7e3c-8c8d-1fae374493f6,savings,normal,6950.106851538574,2026-04-21 10:05:15 +0000 UTC
019daf80-511f-755f-a4c2-ecefa14dedb0,019daf80-511a-7e44-942b-19412e8f1d19,credit,high_spender,4380.8187064863305,2026-04-21 10:05:15 +0000 UTC
019daf80-511f-756a-a3fe-c961b64cf9a9,019daf80-511a-7e4c-859b-f1d0d226f71e,current,low_spender,4602.398573388241,2026-04-21 10:05:15 +0000 UTC
019daf80-511f-7572-b03d-c35af50daf14,019daf80-511a-7e50-9d73-5340205a8178,savings,normal,1670.568479728501,2026-04-21 10:05:15 +0000 UTC
019daf80-511f-7582-af13-17904526a9ed,019daf80-511a-7e57-84c8-2e47710253a7,credit,high_spender,6246.079745039266,2026-04-21 10:05:15 +0000 UTC
019daf80-511f-758d-9050-8fbe10c424af,019daf80-511a-7e5f-981d-1e618d8450e9,current,low_spender,2706.054981652083,2026-04-21 10:05:15 +0000 UTC
019daf80-511f-7595-813b-5c1ce0bd23a5,019daf80-511a-7e63-9535-86d85a46ffc0,savings,normal,1634.452055333393,2026-04-21 10:05:15 +0000 UTC
019daf80-511f-75a1-91a7-777861cacad8,019daf80-511a-7e73-a15a-6233f867a2f5,credit,high_spender,1033.4463185775178,2026-04-21 10:05:15 +0000 UTC
019daf80-511f-75ad-9c43-d1911ff7a4b5,019daf80-511a-7e7b-9d8e-07a8533ac11f,current,low_spender,3627.543221444516,2026-04-21 10:05:15 +0000 UTC
019daf80-511f-75b4-9e23-f91270496b25,019daf80-511a-7e82-8861-eeddb27b7b2a,savings,normal,650.4337799877579,2026-04-21 10:05:15 +0000 UTC
019daf80-511f-75c8-bd06-deabb827e9e4,019daf80-511a-7e86-bab3-37b63e6f3ffd,credit,high_spender,3166.924772464121,2026-04-21 10:05:15 +0000 UTC
019daf80-511f-75d4-b147-b8d819cb3725,019daf80-511a-7e8e-8179-6bff98886e11,current,low_spender,2269.0752692508768,2026-04-21 10:05:15 +0000 UTC
019daf80-511f-75df-9880-2a9e9ec5f9f1,019daf80-511a-7e9e-a3a2-298f68bbab9b,savings,normal,4634.766904432836,2026-04-21 10:05:15 +0000 UTC
019daf80-511f-75eb-a99b-16fde0bfc055,019daf80-511a-7ea2-ae62-54137404218e,credit,high_spender,2751.0296824274733,2026-04-21 10:05:15 +0000 UTC
019daf80-511f-75f7-99da-dee9ed7da1b9,019daf80-511a-7ea9-b67a-093d604badd1,current,low_spender,2517.220548786433,2026-04-21 10:05:15 +0000 UTC
019daf80-511f-7606-ac7f-37f7808c4b6f,019daf80-511a-7eb1-ab7f-e75d456c8dbe,savings,normal,8633.941584389739,2026-04-21 10:05:15 +0000 UTC
019daf80-511f-7612-8cf1-8fece89f61c3,019daf80-511a-7eb5-af7c-ac4b7a357ddd,credit,high_spender,6481.028133175163,2026-04-21 10:05:15 +0000 UTC
019daf80-511f-761e-b5e0-61f4d4173c94,019daf80-511a-7ebd-9c1f-7faa7b253fd1,current,low_spender,3573.386059167107,2026-04-21 10:05:15 +0000 UTC
019daf80-511f-7626-a7f1-a272e4fb7cf6,019daf80-511a-7ec5-b2b1-4a6f5df4ddc1,savings,normal,6001.852069472849,2026-04-21 10:05:15 +0000 UTC
019daf80-511f-7631-8f19-96cb0644da21,019daf80-511a-7ecd-9cd3-8970e63764c2,credit,high_spender,614.6165309218421,2026-04-21 10:05:15 +0000 UTC
019daf80-511f-763d-a096-52c0f5f7f9a8,019daf80-511a-7ed0-9a84-69f323363fa0,current,low_spender,6113.635110790316,2026-04-21 10:05:15 +0000 UTC
019daf80-511f-7649-a651-8c62dca200d0,019daf80-511a-7ef4-979a-ca853c200310,savings,normal,8490.515137964489,2026-04-21 10:05:15 +0000 UTC
019daf80-511f-7651-89b2-8e6e3b643b4b,019daf80-511a-7efb-a98a-b2df821208fc,credit,high_spender,8720.76108710614,2026-04-21 10:05:15 +0000 UTC
019daf80-511f-765c-b3af-1c85c9b42b6f,019daf80-511a-7f03-8d6b-4edef403785f,current,low_spender,7859.192673932329,2026-04-21 10:05:15 +0000 UTC
019daf80-511f-7668-a96a-21fbc336a407,019daf80-511a-7f0b-925e-7e06caf34388,savings,normal,2643.607284235258,2026-04-21 10:05:15 +0000 UTC
019daf80-511f-7693-a9da-b0d90a7b09a7,019daf80-511a-7f0f-a44f-a01a50beb5c6,credit,high_spender,5916.347368164836,2026-04-21 10:05:15 +0000 UTC
019daf80-511f-76a3-a331-7560188494b9,019daf80-511a-7f17-9d4d-7f0b2d91a72c,current,low_spender,82.640374862461,2026-04-21 10:05:15 +0000 UTC
019daf80-511f-76ae-8322-defcb8bcd738,019daf80-511a-7f1f-83ee-3eec0007effc,savings,normal,6202.412488111053,2026-04-21 10:05:15 +0000 UTC
019daf80-511f-76ba-b08f-af0d09f8d741,019daf80-511a-7f23-8fce-b550617aa377,credit,high_spender,5658.724427189282,2026-04-21 10:05:15 +0000 UTC
019daf80-511f-76c6-a0f6-fd700581aa0c,019daf80-511a-7f2a-af63-e774021c1a79,current,low_spender,4703.776949785797,2026-04-21 10:05:15 +0000 UTC
019daf80-511f-76ce-b22a-8878772ec905,019daf80-511a-7f32-8cf7-d6f88a5032e0,savings,normal,510.80246582239585,2026-04-21 10:05:15 +0000 UTC
019daf80-511f-76d9-b56a-bcd48fff4633,019daf80-511a-7f3a-aa83-62135323a1b2,credit,high_spender,8607.319900592882,2026-04-21 10:05:15 +0000 UTC
019daf80-511f-76e5-9688-6cdedee14621,019daf80-511a-7f3e-93ea-1b080a014eec,current,low_spender,7173.293302200574,2026-04-21 10:05:15 +0000 UTC
019daf80-511f-76ed-ad8a-e57cefe6cb4d,019daf80-511b-7003-af4e-25ae6f046707,savings,normal,4015.1149657996684,2026-04-21 10:05:15 +0000 UTC
019daf80-511f-76fd-bbc3-d1ba479cd7d0,019daf80-511b-7013-8448-3ac5218681c6,credit,high_spender,3285.4215079545033,2026-04-21 10:05:15 +0000 UTC
019daf80-511f-770c-825d-a73f05a50b03,019daf80-511b-701b-9f74-feea4b368bff,current,low_spender,86.74741525075913,2026-04-21 10:05:15 +0000 UTC
019daf80-511f-7718-9261-708bd794b632,019daf80-511b-7023-978f-dbdd61cfdbad,savings,normal,1897.1941315087558,2026-04-21 10:05:15 +0000 UTC
019daf80-511f-7724-81b5-109e393486b3,019daf80-511b-702a-a3a9-d661f2c658b2,credit,high_spender,4255.287110196686,2026-04-21 10:05:15 +0000 UTC
019daf80-511f-772b-80b3-53ad1fcd8250,019daf80-511b-702e-9e5f-a000ef1f0f54,current,low_spender,651.102224115081,2026-04-21 10:05:15 +0000 UTC
019daf80-511f-773b-80d1-f5dd372d23bf,019daf80-511b-703a-99e5-3228b9612b09,savings,normal,7141.840731981654,2026-04-21 10:05:15 +0000 UTC
019daf80-511f-774b-8505-075021d0999b,019daf80-511b-7042-8499-8223399b39f9,credit,high_spender,6021.996180958311,2026-04-21 10:05:15 +0000 UTC
019daf80-511f-7756-b67c-da15a2649204,019daf80-511b-7046-8859-7ef6e81ff1d9,current,low_spender,8477.097758225975,2026-04-21 10:05:15 +0000 UTC
019daf80-511f-7762-aa58-1ba592a94972,019daf80-511b-704e-99bd-21d31c759b7f,savings,normal,940.8630313976746,2026-04-21 10:05:15 +0000 UTC
019daf80-511f-776e-975f-9026aa467e0b,019daf80-511b-7055-a746-7bbfde69aa97,credit,high_spender,9419.315400858151,2026-04-21 10:05:15 +0000 UTC
019daf80-511f-777a-a884-011118a164e1,019daf80-511b-705d-a94d-5fea4b6622d4,current,low_spender,9340.356069244064,2026-04-21 10:05:15 +0000 UTC
019daf80-511f-7785-a445-6bce9838f05f,019daf80-511b-7065-919a-a6e5ddd103a2,savings,normal,100.28998356378216,2026-04-21 10:05:15 +0000 UTC
019daf80-511f-778d-b4b4-db513c4c46e0,019daf80-511b-706d-abc5-6e9f66b1af05,credit,high_spender,8519.492001917795,2026-04-21 10:05:15 +0000 UTC
019daf80-511f-7799-96df-751a750f821e,019daf80-511b-7071-881a-451aac36e698,current,low_spender,9901.694713275245,2026-04-21 10:05:15 +0000 UTC
019daf80-511f-77a5-aaec-bde15c9cfd6e,019daf80-511b-7079-ad33-382cb1f83e2b,savings,normal,3440.782591909208,2026-04-21 10:05:15 +0000 UTC
019daf80-511f-77ac-89f2-153ef4db6dd0,019daf80-511b-7080-861c-7c9909c46598,credit,high_spender,4161.511336555779,2026-04-21 10:05:15 +0000 UTC
019daf80-511f-77b8-b2fa-d03c0eb3c243,019daf80-511b-7088-9fb0-39d01456d01b,current,low_spender,7160.227972461219,2026-04-21 10:05:15 +0000 UTC
019daf80-511f-77c4-986f-ab837e341989,019daf80-511b-7090-8a1f-8da2f13eec55,savings,normal,3051.6804052536645,2026-04-21 10:05:15 +0000 UTC
019daf80-511f-77d0-be61-6d8db389606a,019daf80-511b-7098-8c12-234c37b19d28,credit,high_spender,7666.130245370617,2026-04-21 10:05:15 +0000 UTC
019daf80-511f-77e3-b654-53acee2a67a8,019daf80-511b-70a0-ab2f-7198cd9502d5,current,low_spender,4209.289475633157,2026-04-21 10:05:15 +0000 UTC
019daf80-511f-77eb-8b44-bc831bd088b3,019daf80-511b-70a4-9cbe-8b1edc5a3714,savings,normal,2058.215480496702,2026-04-21 10:05:15 +0000 UTC
019daf80-511f-77f7-8004-d9df56d545e3,019daf80-511b-70ab-a418-253400d0c32b,credit,high_spender,6747.916947119123,2026-04-21 10:05:15 +0000 UTC
019daf80-511f-7802-a180-16445d9633d0,019daf80-511b-70b3-8ec2-db285e0a80f6,current,low_spender,663.6826990266698,2026-04-21 10:05:15 +0000 UTC
019daf80-511f-780e-b978-3d2b3aedffc8,019daf80-511b-70b7-acef-e198efccc37e,savings,normal,1814.02487213577,2026-04-21 10:05:15 +0000 UTC
019daf80-511f-781a-99d5-2651e4d0c6cf,019daf80-511b-70bf-9b45-6de916bb1d19,credit,high_spender,6388.183033461194,2026-04-21 10:05:15 +0000 UTC
019daf80-511f-7825-8d68-7e72b0fc0c34,019daf80-511b-70c7-a114-2148826bc417,current,low_spender,6424.445497921436,2026-04-21 10:05:15 +0000 UTC
019daf80-511f-7831-a092-a13fd7c82825,019daf80-511b-70cf-b657-084e3121448b,savings,normal,7180.963135353551,2026-04-21 10:05:15 +0000 UTC
019daf80-511f-783d-9b45-2e7baaf1e66d,019daf80-511b-70d2-a8b1-60cc77fc4974,credit,high_spender,7035.315393453176,2026-04-21 10:05:15 +0000 UTC
019daf80-511f-7849-90de-c43449f32b68,019daf80-511b-70e2-8ee9-9838ba1835e3,current,low_spender,1876.9568028315791,2026-04-21 10:05:15 +0000 UTC
019daf80-511f-7850-8cc1-ffcd52ec49f1,019daf80-511b-70ea-8a75-6fed17ec4949,savings,normal,4457.038319669081,2026-04-21 10:05:15 +0000 UTC
019daf80-511f-7868-8df4-17a58c4bccf1,019daf80-511b-70ee-aa38-bcad11a527f6,credit,high_spender,2310.1110967593168,2026-04-21 10:05:15 +0000 UTC
019daf80-511f-7877-bf91-8a136e4c3e44,019daf80-511b-70f6-82a1-d89cbd3cd153,current,low_spender,8386.963512901146,2026-04-21 10:05:15 +0000 UTC
019daf80-511f-788b-9eb0-119a49a11aea,019daf80-511b-7101-89a5-8bb19485905b,savings,normal,4746.703702306779,2026-04-21 10:05:15 +0000 UTC
019daf80-511f-7897-9e9f-c8436c3b7a7d,019daf80-511b-7105-b4ba-0c5977240e32,credit,high_spender,7220.0298369139655,2026-04-21 10:05:15 +0000 UTC
019daf80-511f-789f-8f8e-7c9a473e9f90,019daf80-511b-710d-81b3-22500121a1f2,current,low_spender,5082.553828191461,2026-04-21 10:05:15 +0000 UTC
019daf80-511f-78b2-8bbf-96d76a6bedf9,019daf80-511b-711d-b106-7418c2fb57a5,savings,normal,8052.069729775483,2026-04-21 10:05:15 +0000 UTC
019daf80-511f-78be-b59e-abd3803999a0,019daf80-511b-7121-b898-c970c59243aa,credit,high_spender,1287.9902425036682,2026-04-21 10:05:15 +0000 UTC
019daf80-511f-78ca-978e-f9abc6309de5,019daf80-511b-7128-97a6-5d87c31afd04,current,low_spender,6115.687229039789,2026-04-21 10:05:15 +0000 UTC
019daf80-511f-78d1-a89b-7c6e85fe0687,019daf80-511b-7130-885b-b0e9d3e5e4b5,savings,normal,667.79152423802,2026-04-21 10:05:15 +0000 UTC
019daf80-511f-78dd-aa32-b6fa116f764a,019daf80-511b-7134-9722-cc5adfd83d50,credit,high_spender,1884.3443310781627,2026-04-21 10:05:15 +0000 UTC
019daf80-511f-78e9-a394-8cb335c7698a,019daf80-511b-713c-a37f-2f94be0aa25a,current,low_spender,1627.3157473519123,2026-04-21 10:05:15 +0000 UTC
019daf80-511f-78f4-aea9-16d7c99ba892,019daf80-511b-7144-8d72-0254437f8f2c,savings,normal,104.13553916605645,2026-04-21 10:05:15 +0000 UTC
019daf80-511f-7900-96b5-84fa8f923ec9,019daf80-511b-714c-be0b-e01275a08a5c,credit,high_spender,7273.411406131656,2026-04-21 10:05:15 +0000 UTC
019daf80-511f-7908-a669-0c8b9ccd1c82,019daf80-511b-714f-9cd1-005f45257233,current,low_spender,4969.687801178961,2026-04-21 10:05:15 +0000 UTC
019daf80-511f-7914-8c35-162f24d5b934,019daf80-511b-7157-8ec9-0d2afc08658c,savings,normal,7.291567210456762,2026-04-21 10:05:15 +0000 UTC
019daf80-511f-7927-aaf4-185152b3d9ae,019daf80-511b-715f-b999-b0a748df4417,credit,high_spender,640.538453889754,2026-04-21 10:05:15 +0000 UTC
019daf80-511f-7933-811d-f44967f90695,019daf80-511b-7167-b274-b7301e0d9df1,current,low_spender,2557.286670937885,2026-04-21 10:05:15 +0000 UTC
019daf80-511f-793f-9e74-5262703f5b39,019daf80-511b-716f-a72d-9ca5c660f583,savings,normal,8335.47520370533,2026-04-21 10:05:15 +0000 UTC
019daf80-511f-794a-99d3-c099bed2d4b5,019daf80-511b-7177-ae92-deb04e351780,credit,high_spender,1181.182184487042,2026-04-21 10:05:15 +0000 UTC
019daf80-511f-7956-9e60-ed417c2bebb3,019daf80-511b-717a-8b00-1a90514b48d7,current,low_spender,9049.520348393531,2026-04-21 10:05:15 +0000 UTC
019daf80-511f-7962-92a4-35a51d0a692d,019daf80-511b-7182-a83b-400e666522ee,savings,normal,7475.518917227165,2026-04-21 10:05:15 +0000 UTC
019daf80-511f-796a-9f1d-f7baaf758e2e,019daf80-511b-718a-a5c1-1d8655f91651,credit,high_spender,2724.3591482058805,2026-04-21 10:05:15 +0000 UTC
019daf80-511f-7975-8d84-4a058017bce7,019daf80-511b-718e-a466-89fc156dafc2,current,low_spender,132.6322411248543,2026-04-21 10:05:15 +0000 UTC
019daf80-511f-7981-b092-e975492aa991,019daf80-511b-7196-85d9-521f1095e80e,savings,normal,3843.754521877377,2026-04-21 10:05:15 +0000 UTC
019daf80-511f-7989-8cda-5b6861244c00,019daf80-511b-719e-ae29-2aaf27aac8d8,credit,high_spender,9149.860375342521,2026-04-21 10:05:15 +0000 UTC
019daf80-511f-79a0-8b75-aadec0f09414,019daf80-511b-71ad-bccf-6bea36042d5e,current,low_spender,2779.0262456210307,2026-04-21 10:05:15 +0000 UTC
019daf80-511f-79a8-9a03-bb18ed9e54e8,019daf80-511b-71b1-80b5-1ae51b3d553c,savings,normal,3193.7266096228213,2026-04-21 10:05:15 +0000 UTC
019daf80-511f-79b4-998f-2cc8be50e51e,019daf80-511b-71b9-bd0a-447e506b8351,credit,high_spender,7592.374890497691,2026-04-21 10:05:15 +0000 UTC
019daf80-511f-79c0-bcd7-676a6f1bdd69,019daf80-511b-71c1-9b49-7e744a2135d1,current,low_spender,470.741727570953,2026-04-21 10:05:15 +0000 UTC
019daf80-511f-79cb-9a6f-451fcac9c1c6,019daf80-511b-71c9-a062-4abcdbff5c15,savings,normal,7804.356661262957,2026-04-21 10:05:15 +0000 UTC
019daf80-511f-79d7-9a8b-9c7e22f7f437,019daf80-511b-71d0-b7b3-f1e7b1adbf71,credit,high_spender,5603.677760768113,2026-04-21 10:05:15 +0000 UTC
019daf80-511f-79e3-8c34-73f269376d72,019daf80-511b-71d4-9bf2-d5e3c6fde52a,current,low_spender,2144.2151425615325,2026-04-21 10:05:15 +0000 UTC
019daf80-511f-79ee-a264-963f7c930c5a,019daf80-511b-71e4-a43c-59438b9e31aa,savings,normal,8032.583173199803,2026-04-21 10:05:15 +0000 UTC
019daf80-511f-7be6-8ad6-5f2a2d166076,019daf80-511b-71ec-91ea-74c7b7539901,credit,high_spender,4774.987759443549,2026-04-21 10:05:15 +0000 UTC
019daf80-511f-7bfe-960e-4637625dcc24,019daf80-511b-71f0-8dfe-e4858a185ce5,current,low_spender,1307.3029462968989,2026-04-21 10:05:15 +0000 UTC
019daf80-511f-7c0d-b1d8-e4b513b85495,019daf80-511b-71f7-929f-bd60231c60ba,savings,normal,7867.816690839681,2026-04-21 10:05:15 +0000 UTC
019daf80-511f-7dbb-8820-82ec33f8f554,019daf80-511b-71ff-892f-7e99965c7d82,credit,high_spender,8905.036534752842,2026-04-21 10:05:15 +0000 UTC
019daf80-511f-7dcb-9356-65f210242f8d,019daf80-511b-7207-9b6b-89de1c7415c5,current,low_spender,7096.143966595526,2026-04-21 10:05:15 +0000 UTC
019daf80-511f-7dda-82ed-958abbfe7cd2,019daf80-511b-720b-8689-c3916d3a7a82,savings,normal,9821.941344948747,2026-04-21 10:05:15 +0000 UTC
019daf80-511f-7df2-b7af-e1f3de8e8de9,019daf80-511b-7213-b9b3-3248141b735c,credit,high_spender,9445.44087918385,2026-04-21 10:05:15 +0000 UTC
019daf80-511f-7e01-a9c0-247a4d4890f2,019daf80-511b-721b-a142-e0327b1feb8a,current,low_spender,8174.24891204325,2026-04-21 10:05:15 +0000 UTC
019daf80-511f-7e15-a80b-0e7009f19e58,019daf80-511b-721e-8013-639ac5f8bd49,savings,normal,986.6117154965436,2026-04-21 10:05:15 +0000 UTC
019daf80-511f-7e25-be1e-c40e87fdd155,019daf80-511b-722a-a27e-e3d42818858a,credit,high_spender,9355.019582778199,2026-04-21 10:05:15 +0000 UTC
019daf80-511f-7e57-a994-8efbe5d03d6d,019daf80-511b-722e-9aed-372c03b7d5f9,current,low_spender,2869.819297913145,2026-04-21 10:05:15 +0000 UTC
019daf80-511f-7e6b-9791-22780eba559e,019daf80-511b-7236-9645-35078eb4e101,savings,normal,3940.086380671334,2026-04-21 10:05:15 +0000 UTC
019daf80-511f-7e7b-8fb3-fde9a8bab3be,019daf80-511b-723e-b99a-96c6cbd27fd0,credit,high_spender,8352.071432181423,2026-04-21 10:05:15 +0000 UTC
019daf80-511f-7e8a-8404-bb225b4c2b29,019daf80-511b-7242-aeb0-45c81b0f0e81,current,low_spender,5620.103038543136,2026-04-21 10:05:15 +0000 UTC
019daf80-511f-7e96-b4d4-0d091205fd71,019daf80-511b-7249-b9aa-7f817a46ccd2,savings,normal,4448.179015970045,2026-04-21 10:05:15 +0000 UTC
019daf80-511f-7ea2-afc0-0acef7129da2,019daf80-511b-7251-9b27-8d31bb91bdc7,credit,high_spender,1302.3649616051168,2026-04-21 10:05:15 +0000 UTC
019daf80-511f-7eb9-9056-231e40200350,019daf80-511b-7259-a7d7-60f4bd78ffa5,current,low_spender,6075.992272400233,2026-04-21 10:05:15 +0000 UTC
019daf80-511f-7ec5-94a1-0ec35c366924,019daf80-511b-725d-9568-7350fb43a0d6,savings,normal,1164.7472224102157,2026-04-21 10:05:15 +0000 UTC
019daf80-511f-7edc-a3b1-eedb4ef114a0,019daf80-511b-7265-ae2a-035dd381f345,credit,high_spender,1033.5751913800345,2026-04-21 10:05:15 +0000 UTC
019daf80-511f-7ee8-8627-489f3ad0df96,019daf80-511b-726d-8749-7e1da6d63637,current,low_spender,7251.158326367804,2026-04-21 10:05:15 +0000 UTC
019daf80-511f-7ef8-ac6d-a799c4b9a575,019daf80-511b-7278-b81d-d3ecfebf85fa,savings,normal,5316.994855924186,2026-04-21 10:05:15 +0000 UTC
019daf80-511f-7f07-94dc-2693eb06c75b,019daf80-511b-7280-aa2b-c3e372f875bc,credit,high_spender,9291.47064177716,2026-04-21 10:05:15 +0000 UTC
019daf80-511f-7f13-8fb0-c699d6d23d6c,019daf80-511b-7288-bb68-f5a714f1ec52,current,low_spender,8952.413483162607,2026-04-21 10:05:15 +0000 UTC
019daf80-511f-7f2e-a94f-a3cea83853f7,019daf80-511b-7290-868d-c934844be884,savings,normal,4578.540478966021,2026-04-21 10:05:15 +0000 UTC
019daf80-511f-7f3a-85b3-699e1a9b8ead,019daf80-511b-7298-a4fe-cb1eb3ee687d,credit,high_spender,6595.507335919676,2026-04-21 10:05:15 +0000 UTC
019daf80-5120-700b-ac9e-345be7bdffaa,019daf80-511b-729f-9d9a-b5d601a66858,current,low_spender,4793.317408668164,2026-04-21 10:05:15 +0000 UTC
019daf80-5120-7017-9017-2ca74e7483d0,019daf80-511b-72a3-b4b1-f0ad93094113,savings,normal,4357.208684516966,2026-04-21 10:05:15 +0000 UTC
019daf80-5120-7023-8ccb-0135df2c7ebe,019daf80-511b-72ab-ac47-a8396da55550,credit,high_spender,8691.335781895543,2026-04-21 10:05:15 +0000 UTC
019daf80-5120-703e-a3ca-668e9df42430,019daf80-511b-72b3-b8ea-a52148504455,current,low_spender,5901.123101262939,2026-04-21 10:05:15 +0000 UTC
019daf80-5120-704a-8e83-31e375a59f5f,019daf80-511b-72b7-b711-a9fd187228f3,savings,normal,6725.885036918279,2026-04-21 10:05:15 +0000 UTC
019daf80-5120-715f-8e29-4f1d4f6d927d,019daf80-511b-72bf-9738-b50c07441d34,credit,high_spender,965.4042259929496,2026-04-21 10:05:15 +0000 UTC
019daf80-5120-7186-b533-6f434221e5e4,019daf80-511b-72c6-bc78-02d5c3524d5e,current,low_spender,9440.64431290928,2026-04-21 10:05:15 +0000 UTC
019daf80-5120-7196-b6c0-a33ffc10aa5d,019daf80-511b-72ce-9830-f39e4fae1bd3,savings,normal,5190.622960966889,2026-04-21 10:05:15 +0000 UTC
019daf80-5120-71ad-9788-288fa9d1d885,019daf80-511b-72d6-bf83-ff473535c518,credit,high_spender,8918.999328875878,2026-04-21 10:05:15 +0000 UTC
019daf80-5120-71f4-b24e-439f4747c744,019daf80-511b-72da-a1a3-24a441357862,current,low_spender,6744.136299235991,2026-04-21 10:05:15 +0000 UTC
019daf80-5120-7305-9689-7ec1c2251c98,019daf80-511b-72e2-9ba9-b00add786dce,savings,normal,9669.43372255391,2026-04-21 10:05:15 +0000 UTC
019daf80-5120-7311-b3d3-7c34768bfa99,019daf80-511b-72ea-8c62-22fc99073751,credit,high_spender,9057.542004440782,2026-04-21 10:05:15 +0000 UTC
019daf80-5120-731c-bcdb-daadacdec3d9,019daf80-511b-72ee-8efc-0ce0371d6325,current,low_spender,6561.730143669536,2026-04-21 10:05:15 +0000 UTC
019daf80-5120-7328-ab03-44c7ff3b1e43,019daf80-511b-72f5-9a15-f719531191e7,savings,normal,5306.9998141402875,2026-04-21 10:05:15 +0000 UTC
019daf80-5120-7334-8b45-f7942aaecdaf,019daf80-511b-72fd-a364-471d327d2942,credit,high_spender,4976.785146737488,2026-04-21 10:05:15 +0000 UTC
019daf80-5120-7340-9a77-655bf794525b,019daf80-511b-7301-9547-8ec6644452b8,current,low_spender,2846.7641200315643,2026-04-21 10:05:15 +0000 UTC
019daf80-5120-734b-b914-89090abc7202,019daf80-511b-7309-84a2-93b301878699,savings,normal,4656.421499482254,2026-04-21 10:05:15 +0000 UTC
019daf80-5120-7357-b7eb-1ce1bcc5c397,019daf80-511b-7311-927e-63ab51700a38,credit,high_spender,8518.053598826826,2026-04-21 10:05:15 +0000 UTC
019daf80-5120-735f-826e-989c91e13160,019daf80-511b-7318-ba84-117b03dfc98b,current,low_spender,7861.475837324548,2026-04-21 10:05:15 +0000 UTC
019daf80-5120-736b-a10b-53e4a6b69b29,019daf80-511b-731c-9436-f8ebaaef31eb,savings,normal,1644.6467560805595,2026-04-21 10:05:15 +0000 UTC
019daf80-5120-73a1-b038-58388437816b,019daf80-511b-7324-8550-ee758f4117e7,credit,high_spender,9051.841730858237,2026-04-21 10:05:15 +0000 UTC
019daf80-5120-73b1-b4a2-d4043ae24df0,019daf80-511b-732c-a31b-b34667b6671c,current,low_spender,8220.766331686957,2026-04-21 10:05:15 +0000 UTC
019daf80-5120-73b9-9068-2cd92ae510ab,019daf80-511b-7340-8ff4-5f8fac012dd1,savings,normal,4210.374494319982,2026-04-21 10:05:15 +0000 UTC
019daf80-5120-73c4-94d6-c3d97168d332,019daf80-511b-7343-aa76-c282501a3c20,credit,high_spender,8630.948318750405,2026-04-21 10:05:15 +0000 UTC
019daf80-5120-73d0-b314-40d7f6e5fe61,019daf80-511b-734b-8c6c-64f7099fb845,current,low_spender,1278.719162057086,2026-04-21 10:05:15 +0000 UTC
019daf80-5120-73dc-934d-3decbdd225dc,019daf80-511b-7353-bfc9-c169666e8705,savings,normal,4843.607790160326,2026-04-21 10:05:15 +0000 UTC
019daf80-5120-73e8-845b-597fdbea3fc3,019daf80-511b-735b-8c06-93fa0ccbabda,credit,high_spender,1473.2453263557632,2026-04-21 10:05:15 +0000 UTC
019daf80-5120-73f3-a28c-1732287f5c3b,019daf80-511b-7363-b031-3ee5c0b540f8,current,low_spender,4178.951864033622,2026-04-21 10:05:15 +0000 UTC
019daf80-5120-73ff-86c4-7c0dc9c5426e,019daf80-511b-7367-8e08-328e6a20f07e,savings,normal,3844.8027939456747,2026-04-21 10:05:15 +0000 UTC
019daf80-5120-7407-a374-7425b6c0d4a5,019daf80-511b-736e-a51a-0a330a5dd6b4,credit,high_spender,5199.22105739801,2026-04-21 10:05:15 +0000 UTC
019daf80-5120-7412-a331-7a83f88de05f,019daf80-511b-737e-a273-e23f77db2825,current,low_spender,4961.665344181907,2026-04-21 10:05:15 +0000 UTC
019daf80-5120-741e-9349-99e2bd4c983c,019daf80-511b-7382-83bf-416d7b0db754,savings,normal,6614.0578536170715,2026-04-21 10:05:15 +0000 UTC
019daf80-5120-742a-a3be-ade5763dfc0e,019daf80-511b-738a-af61-745bf93cb391,credit,high_spender,3626.9855576374753,2026-04-21 10:05:15 +0000 UTC
019daf80-5120-7432-ad2c-87ed2eebad3f,019daf80-511b-7392-a22e-fb6471faaa4e,current,low_spender,8988.522002842918,2026-04-21 10:05:15 +0000 UTC
019daf80-5120-743d-98e0-b2363808de64,019daf80-511b-7395-b2d4-888b50a636f4,savings,normal,4775.193278768862,2026-04-21 10:05:15 +0000 UTC
019daf80-5120-7449-a058-c9965274f80e,019daf80-511b-739d-8536-e926714cb1e0,credit,high_spender,4657.993054065884,2026-04-21 10:05:15 +0000 UTC
019daf80-5120-7455-bf2a-8f190d559ad2,019daf80-511b-73a9-b6c4-117710a69f03,current,low_spender,3275.3589566569112,2026-04-21 10:05:15 +0000 UTC
019daf80-5120-745d-8307-dc7332e2c8f5,019daf80-511b-73ad-917d-ba0626057fad,savings,normal,3012.3979286683943,2026-04-21 10:05:15 +0000 UTC
019daf80-5120-7468-9955-65b1c0a681c7,019daf80-511b-73b5-ad92-c0f0c44d9f0c,credit,high_spender,7202.78362753004,2026-04-21 10:05:15 +0000 UTC
019daf80-5120-7474-ba50-a5f70cfcc960,019daf80-511b-73bd-8dfd-22fd79a5448c,current,low_spender,4296.124631135513,2026-04-21 10:05:15 +0000 UTC
019daf80-5120-7480-a3ce-93985e6a1a95,019daf80-511b-73c0-8d25-715a7b3ff9d5,savings,normal,6170.726953724134,2026-04-21 10:05:15 +0000 UTC
019daf80-5120-748c-8e50-bce1285bfc38,019daf80-511b-73c8-b346-b8f8f5327f1f,credit,high_spender,29.794123077765413,2026-04-21 10:05:15 +0000 UTC
019daf80-5120-7497-9e1f-695aacb072f4,019daf80-511b-73d0-9b5e-dc0954a98f37,current,low_spender,2326.187864100842,2026-04-21 10:05:15 +0000 UTC
019daf80-5120-74a3-b118-8c9d8750e6fa,019daf80-511b-73d8-bf9b-d4090067d438,savings,normal,5109.315666970086,2026-04-21 10:05:15 +0000 UTC
019daf80-5120-74af-832f-31dabe18ae4a,019daf80-511b-73dc-9976-8413ba3e1ca9,credit,high_spender,9263.9415955342,2026-04-21 10:05:15 +0000 UTC
019daf80-5120-74b7-adc0-71d0cf84ea63,019daf80-511b-73e4-87b6-a17da8e3d43e,current,low_spender,7363.7275051036795,2026-04-21 10:05:15 +0000 UTC
019daf80-5120-74c2-bfac-03188510e34f,019daf80-511b-73eb-9a85-5ced40c656ef,savings,normal,9466.00981309781,2026-04-21 10:05:15 +0000 UTC
019daf80-5120-74ce-9177-e672c12e5c40,019daf80-511b-73ef-a993-6a7a95ff71cf,credit,high_spender,284.35599189191197,2026-04-21 10:05:15 +0000 UTC
019daf80-5120-74da-9ff0-19f7154e7924,019daf80-511b-73f7-8007-3f96c8cb938e,current,low_spender,1562.3419032622037,2026-04-21 10:05:15 +0000 UTC
019daf80-5120-74e5-aaf6-22edd253a47e,019daf80-511b-73ff-abff-c665a33211d1,savings,normal,6331.529265256033,2026-04-21 10:05:15 +0000 UTC
019daf80-5120-74f1-a73d-b19de56681ae,019daf80-511b-740f-bde6-fa0abfa0aede,credit,high_spender,1428.3565979564362,2026-04-21 10:05:15 +0000 UTC
019daf80-5120-74fd-a101-7953530dfbde,019daf80-511b-7416-826b-5c5cefe13442,current,low_spender,9998.688276765604,2026-04-21 10:05:15 +0000 UTC
019daf80-5120-7509-bb5b-51572a6e2d1c,019daf80-511b-741e-b126-f42ac77653c2,savings,normal,8621.527443871142,2026-04-21 10:05:15 +0000 UTC
019daf80-5120-7510-a84c-4b9eeecf0fa4,019daf80-511b-7422-926e-b112093180e4,credit,high_spender,3741.266967506173,2026-04-21 10:05:15 +0000 UTC
019daf80-5120-751c-b3c2-da39ce67ac87,019daf80-511b-742a-8fe4-9cb5cf34eb27,current,low_spender,592.8278882104065,2026-04-21 10:05:15 +0000 UTC
019daf80-5120-7528-b6c6-2ef1607c3bda,019daf80-511b-7432-be2e-03fdd3e18dca,savings,normal,5474.688935418463,2026-04-21 10:05:15 +0000 UTC
019daf80-5120-7534-9de3-4fad7badad1a,019daf80-511b-743a-afb7-f30e9fdf9955,credit,high_spender,2771.659198787581,2026-04-21 10:05:15 +0000 UTC
019daf80-5120-753f-8032-02016f70f1db,019daf80-511b-7445-82c5-868e6d8c1bc6,current,low_spender,7808.931986560543,2026-04-21 10:05:15 +0000 UTC
019daf80-5120-754b-8443-2bc02bad2084,019daf80-511b-744d-8d28-413f96ff9fe2,savings,normal,9380.655583630569,2026-04-21 10:05:15 +0000 UTC
019daf80-5120-7557-b385-5e0a5bc56606,019daf80-511b-7455-8fcb-54ddd2610129,credit,high_spender,3823.144096850288,2026-04-21 10:05:15 +0000 UTC
019daf80-5120-7562-8e78-663b1668815f,019daf80-511b-7459-808f-66dfc8ec136e,current,low_spender,8345.251245083855,2026-04-21 10:05:15 +0000 UTC
019daf80-5120-756a-a01f-fe138b586a1a,019daf80-511b-7461-b515-91987c98284a,savings,normal,2639.8770978309603,2026-04-21 10:05:15 +0000 UTC
019daf80-5120-7576-9c35-40916cec7368,019daf80-511b-7484-b315-976bec89a962,credit,high_spender,9425.04787104206,2026-04-21 10:05:15 +0000 UTC
019daf80-5120-7582-9185-d4f386ad92ce,019daf80-511b-7488-af79-160e296d3116,current,low_spender,4922.9132257076035,2026-04-21 10:05:15 +0000 UTC
019daf80-5120-758d-8bab-bbbdba4a617a,019daf80-511b-748f-bf51-23cb89f5441e,savings,normal,7888.59379024099,2026-04-21 10:05:15 +0000 UTC
019daf80-5120-7599-a4b0-eae2ea03d3aa,019daf80-511b-7497-9a97-e4892405d19f,credit,high_spender,1792.2784435904127,2026-04-21 10:05:15 +0000 UTC
019daf80-5120-75a5-9dda-192145942e9e,019daf80-511b-749b-a8c5-aefa8e080431,current,low_spender,1177.5979378710765,2026-04-21 10:05:15 +0000 UTC
019daf80-5120-75b8-b142-d7e53c6c99a3,019daf80-511b-74a3-8b22-65823ce05fb8,savings,normal,380.3771242414206,2026-04-21 10:05:15 +0000 UTC
019daf80-5120-75c4-b399-1cda07ad1d2a,019daf80-511b-74ab-b776-f84ad398b60a,credit,high_spender,6560.666357762196,2026-04-21 10:05:15 +0000 UTC
019daf80-5120-75d0-96c7-a61adbc407c7,019daf80-511b-74b3-91ef-e562e9b2b0ae,current,low_spender,1481.0885034995092,2026-04-21 10:05:15 +0000 UTC
019daf80-5120-75dc-8ca7-ae93a18d99b3,019daf80-511b-74b7-9234-065005c5b81a,savings,normal,6222.291435178932,2026-04-21 10:05:15 +0000 UTC
019daf80-5120-75e3-a45c-138ee2288cf9,019daf80-511b-74be-b8a0-c2bfac1304f8,credit,high_spender,8620.51692538416,2026-04-21 10:05:15 +0000 UTC
019daf80-5120-75ef-bc7f-a07277b40892,019daf80-511b-74c6-8a76-f7f8ee8f7084,current,low_spender,4133.771027698472,2026-04-21 10:05:15 +0000 UTC
019daf80-5120-75fb-bbfb-3694d31ab816,019daf80-511b-74ca-9e8c-e9f4b46ce5ff,savings,normal,4316.384446268481,2026-04-21 10:05:15 +0000 UTC
019daf80-5120-7606-9b52-d5d072c433e8,019daf80-511b-74d2-8a02-9e3c7d03b327,credit,high_spender,6019.087979329847,2026-04-21 10:05:15 +0000 UTC
019daf80-5120-7612-b526-43ac5166fd36,019daf80-511b-74da-bd81-db558b847d63,current,low_spender,1661.0122044783138,2026-04-21 10:05:15 +0000 UTC
019daf80-5120-761a-8a91-5926c0b8fd66,019daf80-511b-74e2-ad7a-7755142eafdd,savings,normal,4698.152848001488,2026-04-21 10:05:15 +0000 UTC
019daf80-5120-7626-aecc-507ac58dd56c,019daf80-511b-74ed-a7a2-9f2fcae22805,credit,high_spender,6274.337550092467,2026-04-21 10:05:15 +0000 UTC
019daf80-5120-7631-91ef-b2a75b40df6e,019daf80-511b-74f5-bf38-5b861734dff5,current,low_spender,186.10889838976408,2026-04-21 10:05:15 +0000 UTC
019daf80-5120-7645-a93d-4573612af951,019daf80-511b-74fd-abe3-5c9b3f7d0b0e,savings,normal,9889.55045731741,2026-04-21 10:05:15 +0000 UTC
019daf80-5120-7651-97e1-292d2cb758a8,019daf80-511b-7505-8c59-bdd633e747f0,credit,high_spender,4753.494928813203,2026-04-21 10:05:15 +0000 UTC
019daf80-5120-765c-a327-c463daa5f682,019daf80-511b-750c-a94e-650fbe3e5635,current,low_spender,7722.773623349797,2026-04-21 10:05:15 +0000 UTC
019daf80-5120-7668-84a2-65b07b06ee17,019daf80-511b-7514-a2fa-df4bc566dc1d,savings,normal,8171.54905006885,2026-04-21 10:05:15 +0000 UTC
019daf80-5120-7674-89ce-6410b59cc6d4,019daf80-511b-7524-833d-18f3cf848582,credit,high_spender,3317.910336698696,2026-04-21 10:05:15 +0000 UTC
019daf80-5120-7680-8cad-1c5c326b11d7,019daf80-511b-752c-9c37-d2ea4561ecc5,current,low_spender,7179.805363429841,2026-04-21 10:05:15 +0000 UTC
019daf80-5120-7687-9b5f-cd1e68b4b4a0,019daf80-511b-7530-90dc-f28fa5902b1b,savings,normal,9790.189154818474,2026-04-21 10:05:15 +0000 UTC
019daf80-5120-7693-8cb7-56641e91a52d,019daf80-511b-7537-a481-117af54479d2,credit,high_spender,4121.329642773847,2026-04-21 10:05:15 +0000 UTC
019daf80-5120-769f-ac4e-5e19c97d6c1f,019daf80-511b-753f-990f-f33a2fb7fab1,current,low_spender,6857.668913767294,2026-04-21 10:05:15 +0000 UTC
019daf80-5120-76ab-a830-772f2d8f775b,019daf80-511b-7543-a166-9d269428dd59,savings,normal,5230.952550262939,2026-04-21 10:05:15 +0000 UTC
019daf80-5120-76b6-b668-5b48b8db292b,019daf80-511b-754b-917f-19f6f6577cf3,credit,high_spender,6134.5959586180625,2026-04-21 10:05:15 +0000 UTC
019daf80-5120-76c2-825e-0eb85c09727d,019daf80-511b-7553-969e-c81ee2a5c83b,current,low_spender,1128.121434075795,2026-04-21 10:05:15 +0000 UTC
019daf80-5120-76d6-aed5-92c18f1dd6cd,019daf80-511b-7557-9d1c-9dc609f41b5f,savings,normal,846.8586182180599,2026-04-21 10:05:15 +0000 UTC
019daf80-5120-76dd-9f13-0d8cf114d553,019daf80-511b-755f-ad75-ead7bffad367,credit,high_spender,7016.748982136347,2026-04-21 10:05:15 +0000 UTC
019daf80-5120-76e9-bfd2-88c9d83e7a20,019daf80-511b-7566-8723-17bf14ae3f53,current,low_spender,1532.8611153311972,2026-04-21 10:05:15 +0000 UTC
019daf80-5120-76fd-a0cd-5290b7bf0302,019daf80-511b-756a-ab8c-2178da6ec06a,savings,normal,6172.811484818756,2026-04-21 10:05:15 +0000 UTC
019daf80-5120-7708-8c47-9d967cc9face,019daf80-511b-7572-9f6d-cee163f44c7a,credit,high_spender,945.387854596772,2026-04-21 10:05:15 +0000 UTC
019daf80-5120-7714-b0d0-413e6f6a6e83,019daf80-511b-757a-ad16-d7160edf54e3,current,low_spender,9505.30542860432,2026-04-21 10:05:15 +0000 UTC
019daf80-5120-7720-99b4-6c1e4ef2c20b,019daf80-511b-7582-b15a-0c016beb501b,savings,normal,7777.040396855092,2026-04-21 10:05:15 +0000 UTC
019daf80-5120-772b-928b-1d8260da7442,019daf80-511b-7591-8bbf-65a56e53e405,credit,high_spender,6232.486072270423,2026-04-21 10:05:15 +0000 UTC
019daf80-5120-7737-ad56-fce2456bb472,019daf80-511b-7595-837e-c997859f798f,current,low_spender,6580.227492099271,2026-04-21 10:05:15 +0000 UTC
019daf80-5120-773f-9b8d-6a7e64686ae6,019daf80-511b-759d-b496-7b73f61365a8,savings,normal,5723.9253977150265,2026-04-21 10:05:15 +0000 UTC
019daf80-5120-774b-a5e6-974d621e75e7,019daf80-511b-75a5-8f74-45a971b2b713,credit,high_spender,8942.349048780343,2026-04-21 10:05:15 +0000 UTC
019daf80-5120-7756-994d-fe8d45b3ad7b,019daf80-511b-75a9-847a-9f3fdda8f746,current,low_spender,5547.611452041572,2026-04-21 10:05:15 +0000 UTC
019daf80-5120-7762-a1b7-dc63f45f84cb,019daf80-511b-75b1-9c0a-e9097b70aca3,savings,normal,457.9225585411306,2026-04-21 10:05:15 +0000 UTC
019daf80-5120-776a-877d-410fb24bbcd5,019daf80-511b-75b8-912d-016a6ddac864,credit,high_spender,7260.454195886544,2026-04-21 10:05:15 +0000 UTC
019daf80-5120-7776-85a4-e49c4a732da8,019daf80-511b-75c0-8d99-962d156a622f,current,low_spender,98.93648376242237,2026-04-21 10:05:15 +0000 UTC
019daf80-5120-7781-8b01-2cc4ec6bbde6,019daf80-511b-75d0-903a-b911e78e3a43,savings,normal,5102.02256369921,2026-04-21 10:05:15 +0000 UTC
019daf80-5120-7795-98f5-e89840591af1,019daf80-511b-75d4-a475-3d95c755044a,credit,high_spender,6408.026768364637,2026-04-21 10:05:15 +0000 UTC
019daf80-5120-77a1-9830-02ece5ee864d,019daf80-511b-75dc-9dad-2f9b889b865f,current,low_spender,9660.315704819724,2026-04-21 10:05:15 +0000 UTC
019daf80-5120-77ac-9ede-f602c2ca8d5f,019daf80-511b-75e3-bf33-0c74cfa6b57e,savings,normal,7971.3873941634465,2026-04-21 10:05:15 +0000 UTC
019daf80-5120-77b4-a4d7-d8f2b2aaa170,019daf80-511b-75eb-a632-a9dbd6484266,credit,high_spender,9786.037258698187,2026-04-21 10:05:15 +0000 UTC
019daf80-5120-77c0-8541-379483969aa2,019daf80-511b-75ef-9114-cb9d79dba77b,current,low_spender,6192.117657487216,2026-04-21 10:05:15 +0000 UTC
019daf80-5120-77cc-8555-d53faaecbfba,019daf80-511b-75f7-96db-0fd27d49c623,savings,normal,3104.317821452211,2026-04-21 10:05:15 +0000 UTC
019daf80-5120-77d7-a5b3-cb7d029b1764,019daf80-511b-75ff-a682-85e03a420e73,credit,high_spender,5912.107688681968,2026-04-21 10:05:15 +0000 UTC
019daf80-5120-77e3-958e-1cfc5e0c310f,019daf80-511b-7606-9ad8-76de861348f6,current,low_spender,9210.246220749257,2026-04-21 10:05:15 +0000 UTC
019daf80-5120-77ef-83f1-f387b2d6018e,019daf80-511b-760e-af0b-60aa690cb7c8,savings,normal,2099.1934865381922,2026-04-21 10:05:15 +0000 UTC
019daf80-5120-77f7-8792-2a4960c9a9c8,019daf80-511b-7616-8f51-52f4994f74f7,credit,high_spender,5045.362469958855,2026-04-21 10:05:15 +0000 UTC
019daf80-5120-7802-8bb8-2f5a4a3f8c36,019daf80-511b-761a-b386-08f2d9e91621,current,low_spender,5038.300063840384,2026-04-21 10:05:15 +0000 UTC
019daf80-5120-780e-b054-7f7554a35853,019daf80-511b-7622-9c97-3f1bc7249815,savings,normal,459.10517652762553,2026-04-21 10:05:15 +0000 UTC
019daf80-5120-781a-b978-23df6968ceb5,019daf80-511b-762a-8bca-fda3338813fd,credit,high_spender,8045.213333281315,2026-04-21 10:05:15 +0000 UTC
019daf80-5120-7822-8a48-a6ff01fe4c83,019daf80-511b-762e-a6bc-f3778560b1c7,current,low_spender,8733.317691527762,2026-04-21 10:05:15 +0000 UTC
019daf80-5120-7835-abc3-0b1383b9b8cf,019daf80-511b-7635-b377-10d776ef2491,savings,normal,2751.46286522775,2026-04-21 10:05:15 +0000 UTC
019daf80-5120-7841-9bd3-014546a94721,019daf80-511b-763d-b450-f561769eb38b,credit,high_spender,7392.520898015754,2026-04-21 10:05:15 +0000 UTC
019daf80-5120-7849-b0f9-8a6db243c20a,019daf80-511b-7645-ab91-4d330333aa6f,current,low_spender,3087.591182411948,2026-04-21 10:05:15 +0000 UTC
019daf80-5120-7854-9ade-0df57a57d26e,019daf80-511b-7649-aaf2-60bf6a660c52,savings,normal,6004.643004072827,2026-04-21 10:05:15 +0000 UTC
019daf80-5120-7860-88ff-68c817f53df4,019daf80-511b-7651-a382-41d522c24bb4,credit,high_spender,5394.268227693017,2026-04-21 10:05:15 +0000 UTC
019daf80-5120-786c-967d-14d7f76cdf24,019daf80-511b-7659-9279-90806c242b2f,current,low_spender,4131.658828544228,2026-04-21 10:05:15 +0000 UTC
019daf80-5120-7874-bb0c-f0d8e8d7ccdd,019daf80-511b-765c-961d-4be123152029,savings,normal,7063.365952373809,2026-04-21 10:05:15 +0000 UTC
019daf80-5120-787f-b2b5-c19da3530443,019daf80-511b-7664-99c0-725e8f7c60f1,credit,high_spender,2632.6129360624423,2026-04-21 10:05:15 +0000 UTC
019daf80-5120-788b-b3b0-f0485e94dda5,019daf80-511b-766c-a95c-aa675226f33a,current,low_spender,207.61679833519898,2026-04-21 10:05:15 +0000 UTC
019daf80-5120-7893-85ab-9ec15189c99c,019daf80-511b-7670-b8e8-0e42bebe474e,savings,normal,5272.360243605145,2026-04-21 10:05:15 +0000 UTC
019daf80-5120-789f-a79b-1a7b15af2fff,019daf80-511b-7678-bf2c-5af4c4908bd7,credit,high_spender,6109.429271851103,2026-04-21 10:05:15 +0000 UTC
019daf80-5120-78ae-8c00-58fb0d17a03d,019daf80-511b-7687-92ea-aac225cb3a6a,current,low_spender,6320.896216935521,2026-04-21 10:05:15 +0000 UTC
019daf80-5120-78b6-9b6a-7a7f69c85c60,019daf80-511b-768f-b962-e0344fb134ac,savings,normal,825.0797943812361,2026-04-21 10:05:15 +0000 UTC
019daf80-5120-78ca-b058-1e7245042b57,019daf80-511b-7697-927a-ff09138676b1,credit,high_spender,1310.1907332247347,2026-04-21 10:05:15 +0000 UTC
019daf80-5120-78d5-8340-d3cd14e4d8ed,019daf80-511b-769f-a3a1-18d49045bfd0,current,low_spender,358.4957776113962,2026-04-21 10:05:15 +0000 UTC
019daf80-5120-78e1-9eb5-ccc51848a108,019daf80-511b-76a3-a959-a649bd9ca3eb,savings,normal,5750.492393798663,2026-04-21 10:05:15 +0000 UTC
019daf80-5120-78ed-8df7-abdd917eb4dd,019daf80-511b-76ab-b146-b77ab6bba27f,credit,high_spender,6853.9993265284775,2026-04-21 10:05:15 +0000 UTC
019daf80-5120-78f4-a9f6-0e7d7509fc9c,019daf80-511b-76b2-97f6-a3b9e60f3b13,current,low_spender,5347.46790273956,2026-04-21 10:05:15 +0000 UTC
019daf80-5120-7900-a864-b38c3454d689,019daf80-511b-76b6-9298-07ff9c4682d3,savings,normal,3632.4221488842145,2026-04-21 10:05:15 +0000 UTC
019daf80-5120-790c-91b1-cfbb8c0767b9,019daf80-511b-76be-9d51-deac2712819c,credit,high_spender,9265.363501005948,2026-04-21 10:05:15 +0000 UTC
019daf80-5120-7918-955a-e2104025d401,019daf80-511b-76c6-9ce7-0cb9ea6fbbb1,current,low_spender,4357.230232364541,2026-04-21 10:05:15 +0000 UTC
019daf80-5120-791f-904a-297f913d60d8,019daf80-511b-76ca-bec6-10c5721128ab,savings,normal,8301.011183379627,2026-04-21 10:05:15 +0000 UTC
019daf80-5120-792b-bae5-770932c58139,019daf80-511b-76d2-8506-f3004a0dc5d0,credit,high_spender,5374.774443045402,2026-04-21 10:05:15 +0000 UTC
019daf80-5120-7937-b347-f7b7cd20742d,019daf80-511b-76d9-b6be-84ef60d72930,current,low_spender,2864.5618625225657,2026-04-21 10:05:15 +0000 UTC
019daf80-5120-7943-985a-7a2286ac8cce,019daf80-511b-76e1-905b-ee51c2ed525c,savings,normal,5576.256509360032,2026-04-21 10:05:15 +0000 UTC
019daf80-5120-794a-8356-9b2210a07d3d,019daf80-511b-76e5-bc5b-1a20d34d4f9d,credit,high_spender,8144.342830992179,2026-04-21 10:05:15 +0000 UTC
019daf80-5120-7956-ae99-3aa6ac25aff8,019daf80-511b-76ed-bca5-c96d2723c0bf,current,low_spender,1582.6421624918503,2026-04-21 10:05:15 +0000 UTC
019daf80-5120-7962-9caf-b431081c2330,019daf80-511b-76f5-aaf7-24a483febe41,savings,normal,506.3242027898401,2026-04-21 10:05:15 +0000 UTC
019daf80-5120-796e-8e57-3e78f491a67a,019daf80-511b-76f9-969d-1f5868f92a1b,credit,high_spender,2464.359071875432,2026-04-21 10:05:15 +0000 UTC
019daf80-5120-7979-8b3d-6aa6ef5bbb4e,019daf80-511b-7700-a5d5-c331f8d8aa34,current,low_spender,4845.4566968593335,2026-04-21 10:05:15 +0000 UTC
019daf80-5120-798d-a261-e67e67b91ee3,019daf80-511b-7708-b415-53ddaa0581ec,savings,normal,3108.439013817416,2026-04-21 10:05:15 +0000 UTC
019daf80-5120-7995-86cc-d28091e4dd31,019daf80-511b-7710-a0f0-1453f5eceac3,credit,high_spender,6995.825906902257,2026-04-21 10:05:15 +0000 UTC
019daf80-5120-79a0-8849-74bbd6fd0f6f,019daf80-511b-7714-b48b-13684b0b7743,current,low_spender,8812.367938901181,2026-04-21 10:05:15 +0000 UTC
019daf80-5120-79ac-a820-0e67c282f65a,019daf80-511b-771c-9ea9-863bc4bdae0f,savings,normal,4375.836249615077,2026-04-21 10:05:15 +0000 UTC
019daf80-5120-79b8-90da-607f76726ced,019daf80-511b-7724-b832-fbb303c6e259,credit,high_spender,8329.23059548077,2026-04-21 10:05:15 +0000 UTC
019daf80-5120-79c0-8b8d-1c8f5a41cce6,019daf80-511b-7728-ac61-f6f2a5000bde,current,low_spender,4093.2229503276485,2026-04-21 10:05:15 +0000 UTC
019daf80-5120-79cb-9c97-2933d45c7c81,019daf80-511b-772f-89ba-68d109a2355f,savings,normal,5456.937335846999,2026-04-21 10:05:15 +0000 UTC
019daf80-5120-79d7-8471-020886cb0111,019daf80-511b-773f-9dd7-1fbf52aeafe6,credit,high_spender,244.91256924849546,2026-04-21 10:05:15 +0000 UTC
019daf80-5120-79e3-849b-25dd70841b6a,019daf80-511b-7747-b3ad-0e95e7a7ef20,current,low_spender,2374.0075212802526,2026-04-21 10:05:15 +0000 UTC
019daf80-5120-79ee-8ce1-227d95fea69e,019daf80-511b-775a-a5b4-6c12edf77a7e,savings,normal,6922.354061917114,2026-04-21 10:05:15 +0000 UTC
019daf80-5120-79fa-8e8f-32425723ffa3,019daf80-511b-775e-8591-e75eb5c480c4,credit,high_spender,4149.681003700164,2026-04-21 10:05:15 +0000 UTC
019daf80-5120-7a06-a91e-99a32c9d0755,019daf80-511b-7766-9389-f015df6f3ec4,current,low_spender,8918.313615831956,2026-04-21 10:05:15 +0000 UTC
019daf80-5120-7a12-ad0b-5b856ec4f65e,019daf80-511b-776e-b951-fbe776d6d396,savings,normal,3595.8334054330676,2026-04-21 10:05:15 +0000 UTC
019daf80-5120-7a1d-a254-8727f94e15e9,019daf80-511b-7776-b966-2b7357126223,credit,high_spender,8725.4109204261,2026-04-21 10:05:15 +0000 UTC
019daf80-5120-7a25-b49a-788300399ca2,019daf80-511b-777a-be88-8a40c94c4f8b,current,low_spender,7999.320922388721,2026-04-21 10:05:15 +0000 UTC
019daf80-5120-7a31-8740-baca5eb02f6f,019daf80-511b-7781-b07f-d79322b92a97,savings,normal,2977.7359758532834,2026-04-21 10:05:15 +0000 UTC
019daf80-5120-7a3d-b890-c118e86f5742,019daf80-511b-7789-80d2-ff4703b53cf8,credit,high_spender,4278.453918286063,2026-04-21 10:05:15 +0000 UTC
019daf80-5120-7a48-9d88-b9a5ae9d23e8,019daf80-511b-778d-b787-bd9426d24495,current,low_spender,2867.8440153476085,2026-04-21 10:05:15 +0000 UTC
019daf80-5120-7a58-ae5d-09868b97f49d,019daf80-511b-7795-b744-8727b2ebe470,savings,normal,9310.888694852001,2026-04-21 10:05:15 +0000 UTC
019daf80-5120-7a68-bdb2-8533b6ad0fb6,019daf80-511b-779d-ba19-f4aba84355b2,credit,high_spender,2741.692751515562,2026-04-21 10:05:15 +0000 UTC
019daf80-5120-7a6f-8e11-31e4266aaa0b,019daf80-511b-77a5-ae14-502ffb3591ef,current,low_spender,5200.636551916561,2026-04-21 10:05:15 +0000 UTC
019daf80-5120-7a7b-9158-7aa69c7db2ce,019daf80-511b-77a8-8fd9-e5667e2abfd3,savings,normal,1891.8410646451644,2026-04-21 10:05:15 +0000 UTC
019daf80-5120-7a87-ab71-36a6cd5185d3,019daf80-511b-77b0-a946-fd8695c4217e,credit,high_spender,6529.235483865375,2026-04-21 10:05:15 +0000 UTC
019daf80-5120-7a8f-8061-51247e1630fd,019daf80-511b-77b8-ae16-194b8367f381,current,low_spender,5887.588010095982,2026-04-21 10:05:15 +0000 UTC
019daf80-5120-7a9e-b956-3181f24a8b04,019daf80-511b-77c0-b863-c88ad96c4a96,savings,normal,8070.442008082209,2026-04-21 10:05:15 +0000 UTC
019daf80-5120-7aa6-9500-3ee70dc3349f,019daf80-511b-77c4-9d77-fe3cf2b4f57a,credit,high_spender,1531.2723249624194,2026-04-21 10:05:15 +0000 UTC
019daf80-5120-7ab2-a1eb-cdaac3f63c73,019daf80-511b-77cc-8d77-7ae0a2e5e091,current,low_spender,9044.878463595664,2026-04-21 10:05:15 +0000 UTC
019daf80-5120-7abe-aa0f-4b646b35a9fc,019daf80-511b-77d3-bba6-4f778ac98125,savings,normal,3220.9091319716176,2026-04-21 10:05:15 +0000 UTC
019daf80-5120-7ac9-95b3-e7557250de77,019daf80-511b-77d7-91c7-2ab401c10c78,credit,high_spender,5002.258210453216,2026-04-21 10:05:15 +0000 UTC
019daf80-5120-7ad5-a2e9-caa32c60d903,019daf80-511b-77df-a9c3-9ae05bca790b,current,low_spender,714.5646261090177,2026-04-21 10:05:15 +0000 UTC
019daf80-5120-7add-b017-b8696f03b35f,019daf80-511b-77e7-80b3-a0645e96355b,savings,normal,307.8139497930538,2026-04-21 10:05:15 +0000 UTC
019daf80-5120-7ae8-8361-9f4f31766b4d,019daf80-511b-781e-b5d5-6ee8340b9e76,credit,high_spender,5652.077767232922,2026-04-21 10:05:15 +0000 UTC
019daf80-5120-7af4-b00f-2bd9daddcc38,019daf80-511b-7825-a7f2-6c652750e7f0,current,low_spender,6778.683790510195,2026-04-21 10:05:15 +0000 UTC
019daf80-5120-7b00-b074-56ed3e70716f,019daf80-511b-7829-9689-6e00b0b09afd,savings,normal,1068.8406900530333,2026-04-21 10:05:15 +0000 UTC
019daf80-5120-7b08-8655-401dc3e01580,019daf80-511b-7831-af5c-1694e4f2ea3e,credit,high_spender,5060.506246431206,2026-04-21 10:05:15 +0000 UTC
019daf80-5120-7b13-ac5f-725b6107f78a,019daf80-511b-7839-9dec-fa1d63a2983e,current,low_spender,4861.522634850098,2026-04-21 10:05:15 +0000 UTC
019daf80-5120-7b27-a71f-a960fb7a53a6,019daf80-511b-7849-837e-2e4b688b7252,savings,normal,3206.8831377015567,2026-04-21 10:05:15 +0000 UTC
019daf80-5120-7b33-bc1c-2bea794e44d0,019daf80-511b-7850-b7fc-40b935827595,credit,high_spender,7195.172473827821,2026-04-21 10:05:15 +0000 UTC
019daf80-5120-7b3e-be2f-456c19b4972f,019daf80-511b-7854-8da5-4f3f9dcae3da,current,low_spender,5237.525147652596,2026-04-21 10:05:15 +0000 UTC
019daf80-5120-7b4a-9024-9fdf28eea2ed,019daf80-511b-785c-b569-2de5e4b65446,savings,normal,5134.906661658874,2026-04-21 10:05:15 +0000 UTC
019daf80-5120-7b56-a2d3-9da25666525d,019daf80-511b-7864-aa08-9225bf953d62,credit,high_spender,440.86489053530187,2026-04-21 10:05:15 +0000 UTC
019daf80-5120-7b5e-a83d-eee8383c04b4,019daf80-511b-786c-b917-8ee780615b51,current,low_spender,1818.9002411976674,2026-04-21 10:05:15 +0000 UTC
019daf80-5120-7b69-ac78-ba83e6c632cd,019daf80-511b-7870-b04e-769da2a5129a,savings,normal,5146.458128351862,2026-04-21 10:05:15 +0000 UTC
019daf80-5120-7b75-840c-b5fbe26d8249,019daf80-511b-7877-900d-0a81eed6b274,credit,high_spender,9947.349789980539,2026-04-21 10:05:15 +0000 UTC
019daf80-5120-7b8d-b435-cb6535a8ea3a,019daf80-511b-787f-97a2-fcd70ca1a6b3,current,low_spender,2172.1921534979806,2026-04-21 10:05:15 +0000 UTC
019daf80-5120-7b98-b68b-dacaf16464b6,019daf80-511b-7887-88dd-a607951a9d0d,savings,normal,1017.6479424860519,2026-04-21 10:05:15 +0000 UTC
019daf80-5120-7ba4-85a4-802163f934f4,019daf80-511b-788b-aeb5-3d48c032ea33,credit,high_spender,209.9263852888672,2026-04-21 10:05:15 +0000 UTC
019daf80-5120-7bb0-b2b4-aef9fcc23de4,019daf80-511b-7893-a3f1-553b31a10ab8,current,low_spender,702.4413832940751,2026-04-21 10:05:15 +0000 UTC
019daf80-5120-7bb8-9b5f-52e62a7e56f4,019daf80-511b-789b-8a1f-9e76a40063af,savings,normal,6219.537809998861,2026-04-21 10:05:15 +0000 UTC
019daf80-5120-7bc3-895a-60a1efd7cd56,019daf80-511b-78a2-9ae3-1e80fc4b956c,credit,high_spender,6055.886703749401,2026-04-21 10:05:15 +0000 UTC
019daf80-5120-7bcf-9464-8f286b39dcbb,019daf80-511b-78aa-9368-18b2d559a15b,current,low_spender,4522.4866474447645,2026-04-21 10:05:15 +0000 UTC
019daf80-5120-7be2-8775-e7192f11e07b,019daf80-511b-78ae-b954-93cc308e724a,savings,normal,6398.628542166336,2026-04-21 10:05:15 +0000 UTC
019daf80-5120-7bee-b95a-1948f67b888b,019daf80-511b-78b6-aa69-f65cedaa3637,credit,high_spender,3212.2588741251,2026-04-21 10:05:15 +0000 UTC
019daf80-5120-7bf6-bc24-bd7bb38a4d40,019daf80-511b-78be-bbda-d8726178f566,current,low_spender,4736.983956422271,2026-04-21 10:05:15 +0000 UTC
019daf80-5120-7c02-9ef0-cd0736d60023,019daf80-511b-78c6-a6af-af65677e8057,savings,normal,8436.826729369415,2026-04-21 10:05:15 +0000 UTC
019daf80-5120-7c0d-b42c-2c6af7ed8635,019daf80-511b-78ca-8eeb-12e682813879,credit,high_spender,4550.545516110675,2026-04-21 10:05:15 +0000 UTC
019daf80-5120-7c19-bf01-a57cd8403e79,019daf80-511b-78d1-897f-3a91ba27ca74,current,low_spender,6844.713934884627,2026-04-21 10:05:15 +0000 UTC
019daf80-5120-7c25-b707-9823438fb548,019daf80-511b-78d9-97b1-982dd36f2429,savings,normal,609.8570528831449,2026-04-21 10:05:15 +0000 UTC
019daf80-5120-7c31-8c03-a52b6e7e8495,019daf80-511b-78e1-8a3f-15b6347ab099,credit,high_spender,8798.067800730983,2026-04-21 10:05:15 +0000 UTC
019daf80-5120-7c3c-9022-7c38911baf5a,019daf80-511b-78e5-94db-a3242342f4cf,current,low_spender,17.384406049158475,2026-04-21 10:05:15 +0000 UTC
019daf80-5120-7c44-87a1-8678387e8038,019daf80-511b-78ed-96a8-692cd854ba02,savings,normal,9766.545814929596,2026-04-21 10:05:15 +0000 UTC
019daf80-5120-7c50-ac55-e30436307d9c,019daf80-511b-78f4-9617-455f29ffd4b9,credit,high_spender,2305.6190176006485,2026-04-21 10:05:15 +0000 UTC
019daf80-5120-7c5c-bdf5-3eda366335b0,019daf80-511b-78f8-bf82-3307604fdc57,current,low_spender,5305.308265066251,2026-04-21 10:05:15 +0000 UTC
019daf80-5120-7c67-a5d6-dd8678e55ab3,019daf80-511b-7908-8b23-aa296a734ef7,savings,normal,4627.849867923696,2026-04-21 10:05:15 +0000 UTC
019daf80-5120-7c77-bb6a-68b44b193b5d,019daf80-511b-7910-8b4f-75f20ccc0720,credit,high_spender,1423.0666322368356,2026-04-21 10:05:15 +0000 UTC
019daf80-5120-7c83-904d-30ed6ec522d3,019daf80-511b-7918-867d-728bcf82a229,current,low_spender,227.63607946301946,2026-04-21 10:05:15 +0000 UTC
019daf80-5120-7c8e-8011-3a76a38489bc,019daf80-511b-791c-a484-99117e636790,savings,normal,4678.303975608214,2026-04-21 10:05:15 +0000 UTC
019daf80-5120-7c9a-9cf8-c74da5211518,019daf80-511b-7923-9f35-6de3d405959b,credit,high_spender,52.95585842373774,2026-04-21 10:05:15 +0000 UTC
019daf80-5120-7ca2-ad53-22c75a9893ae,019daf80-511b-792b-a7aa-6dbaa66d0f21,current,low_spender,9951.077580208741,2026-04-21 10:05:15 +0000 UTC
019daf80-5120-7cae-ae51-62f6fcddcd8d,019daf80-511b-7933-8560-15d5707e0cf5,savings,normal,447.4385921254304,2026-04-21 10:05:15 +0000 UTC
019daf80-5120-7cb9-90c3-c52303aa40e8,019daf80-511b-7937-80ca-188f4f779f9d,credit,high_spender,3145.9956363868396,2026-04-21 10:05:15 +0000 UTC
019daf80-5120-7cc5-a9c8-a29c24ff7078,019daf80-511b-7947-8e6d-a77101e7ba34,current,low_spender,4499.53774353255,2026-04-21 10:05:15 +0000 UTC
019daf80-5120-7cd1-b3ee-f60087256bb8,019daf80-511b-794e-a7e8-a25b3437ada8,savings,normal,2833.0516464471107,2026-04-21 10:05:15 +0000 UTC
019daf80-5120-7cdc-8625-510f84c915e0,019daf80-511b-7956-a7fb-77a6a7828035,credit,high_spender,5882.511275345751,2026-04-21 10:05:15 +0000 UTC
019daf80-5120-7ce8-bab9-7264a1a3003c,019daf80-511b-795e-a03e-785ed5ba8f8c,current,low_spender,8066.53608032495,2026-04-21 10:05:15 +0000 UTC
019daf80-5120-7cf4-a379-3925d0cf2b65,019daf80-511b-7962-a162-75004eb47593,savings,normal,6432.722905447923,2026-04-21 10:05:15 +0000 UTC
019daf80-5120-7d00-b5b4-1725d75689b8,019daf80-511b-796a-9f79-64ceaa9a1291,credit,high_spender,2346.0532880743467,2026-04-21 10:05:15 +0000 UTC
019daf80-5120-7d07-8468-68df315b4bf6,019daf80-511b-7971-acd7-17c29a84a28b,current,low_spender,1475.3010350131867,2026-04-21 10:05:15 +0000 UTC
019daf80-5120-7d1b-aa97-1a5e4f342c7d,019daf80-511b-7979-ae23-fd633d924cb0,savings,normal,9000.598693350854,2026-04-21 10:05:15 +0000 UTC
019daf80-5120-7d27-9b64-e10a23c78ef9,019daf80-511b-797d-a795-989c8a08d9b2,credit,high_spender,5571.51901585633,2026-04-21 10:05:15 +0000 UTC
019daf80-5120-7d32-b2dc-daa5cdeb6ce5,019daf80-511b-7985-b9b9-182578ba5bcf,current,low_spender,5018.8778695583305,2026-04-21 10:05:15 +0000 UTC
019daf80-5120-7d3e-8560-f099c0686b80,019daf80-511b-798d-be13-4c07f82142f1,savings,normal,8699.362486162741,2026-04-21 10:05:15 +0000 UTC
019daf80-5120-7d4a-9f8a-9d3a6acbda27,019daf80-511b-7991-a941-e4c73d1173ab,credit,high_spender,9611.17764972651,2026-04-21 10:05:15 +0000 UTC
019daf80-5120-7d56-91b2-85737c141205,019daf80-511b-7999-a224-85d909956f1d,current,low_spender,5173.326746505198,2026-04-21 10:05:15 +0000 UTC
019daf80-5120-7d5d-8632-936f1b7aed9a,019daf80-511b-79a0-9c18-a94bdae41c28,savings,normal,2184.0684048008698,2026-04-21 10:05:15 +0000 UTC
019daf80-5120-7d69-988f-c5c307530c31,019daf80-511b-79a8-8aab-c0b7f3c54843,credit,high_spender,3736.5671985268164,2026-04-21 10:05:15 +0000 UTC
019daf80-5120-7d75-b22d-400fb4428510,019daf80-511b-79ac-95e2-ff69e4986b32,current,low_spender,4388.169435733301,2026-04-21 10:05:15 +0000 UTC
019daf80-5120-7d81-b8d7-d2ad03921a4a,019daf80-511b-79b4-841c-82d7e4b2fcfd,savings,normal,6817.033790838768,2026-04-21 10:05:15 +0000 UTC
019daf80-5120-7d88-9497-809ea3a8fd17,019daf80-511b-79bc-aa55-47b336d6493e,credit,high_spender,6961.110421794397,2026-04-21 10:05:15 +0000 UTC
019daf80-5120-7d94-b6c0-6e8870c09bea,019daf80-511b-79c0-b30a-b9c57a3ad46a,current,low_spender,6265.672853012373,2026-04-21 10:05:15 +0000 UTC
019daf80-5120-7da0-b501-5f140b46948f,019daf80-511b-79cb-b5f6-c719d7a4d342,savings,normal,7368.765126122076,2026-04-21 10:05:15 +0000 UTC
019daf80-5120-7db3-a89c-61e7975dafbe,019daf80-511b-79d7-888f-f0841e8f9a7b,credit,high_spender,1334.5833563977117,2026-04-21 10:05:15 +0000 UTC
019daf80-5120-7dbf-bef0-fe4aa5bc95cb,019daf80-511b-79df-b9aa-a399df6d69e5,current,low_spender,7464.358224319454,2026-04-21 10:05:15 +0000 UTC
019daf80-5120-7dcb-9bfb-0a292d73ce6f,019daf80-511b-79e7-b384-b3665071d10c,savings,normal,460.06096666364573,2026-04-21 10:05:15 +0000 UTC
019daf80-5120-7dd6-8b25-06aa6f4f9202,019daf80-511b-79ee-bc42-80f4d396a187,credit,high_spender,7290.738829073361,2026-04-21 10:05:15 +0000 UTC
019daf80-5120-7de2-9d39-d3e45d42a09c,019daf80-511b-79f2-8e2a-a8d2312a2413,current,low_spender,7084.334355177283,2026-04-21 10:05:15 +0000 UTC
019daf80-5120-7dea-98fc-d68d4bc82de0,019daf80-511b-79fa-9ded-7e9a176eca5d,savings,normal,3759.396391853802,2026-04-21 10:05:15 +0000 UTC
019daf80-5120-7df6-bc77-f6faafe10aaf,019daf80-511b-7a02-9add-857940709869,credit,high_spender,4896.009078685011,2026-04-21 10:05:15 +0000 UTC
019daf80-5120-7e01-a39e-8a85bc9b2b37,019daf80-511b-7a06-acd7-e2546c8c3e88,current,low_spender,2168.5540169807437,2026-04-21 10:05:15 +0000 UTC
019daf80-5120-7e0d-bc6b-f4fa8ea2d61d,019daf80-511b-7a0e-8415-56fb0fc0a6e6,savings,normal,9104.221272846367,2026-04-21 10:05:15 +0000 UTC
019daf80-5120-7e19-a07e-fab75e467486,019daf80-511b-7a16-930c-8dae3d274c03,credit,high_spender,6411.853368274621,2026-04-21 10:05:15 +0000 UTC
019daf80-5120-7e21-a719-8db7fcffaf7d,019daf80-511b-7a1d-93aa-aee2ed224fcc,current,low_spender,9635.161739316607,2026-04-21 10:05:15 +0000 UTC
019daf80-5120-7e2c-bf9e-3a5179c9ecd3,019daf80-511b-7a21-b7f3-b7c1a4af4884,savings,normal,7116.795229193642,2026-04-21 10:05:15 +0000 UTC
019daf80-5120-7e38-8bbd-692d316a9b74,019daf80-511b-7a29-995f-ade4206e71a7,credit,high_spender,4429.401849776761,2026-04-21 10:05:15 +0000 UTC
019daf80-5120-7e44-abdc-4e72df98eb3d,019daf80-511b-7a31-aca1-54eebd3bc259,current,low_spender,6612.981430676033,2026-04-21 10:05:15 +0000 UTC
019daf80-5120-7e57-8565-17a02a3c0817,019daf80-511b-7a39-885d-c62f8b8bdaa4,savings,normal,8319.90186799679,2026-04-21 10:05:15 +0000 UTC
019daf80-5120-7e5f-b136-d7b0d0969464,019daf80-511b-7a3d-a756-7ce7c4548fb3,credit,high_spender,7107.249184345908,2026-04-21 10:05:15 +0000 UTC
019daf80-5120-7e6b-a62f-7f985a0fb14c,019daf80-511b-7a44-8685-0ac3c98a05e3,current,low_spender,1742.2134057634375,2026-04-21 10:05:15 +0000 UTC
019daf80-5120-7e77-b75a-af8c1bdff77a,019daf80-511b-7a4c-abba-09856ed88b83,savings,normal,8504.291684338403,2026-04-21 10:05:15 +0000 UTC
019daf80-5120-7e82-ac22-ee6b03650e28,019daf80-511b-7a54-abe9-6c4e2843306c,credit,high_spender,2977.1120356279444,2026-04-21 10:05:15 +0000 UTC
019daf80-5120-7e92-943c-8586d3bffd3b,019daf80-511b-7a5c-8d35-60d798798eaf,current,low_spender,7707.042016402978,2026-04-21 10:05:15 +0000 UTC
019daf80-5120-7e9a-8a7e-3fd1933c2763,019daf80-511b-7a60-b0b8-80dc858e0bdc,savings,normal,8593.319498065503,2026-04-21 10:05:15 +0000 UTC
019daf80-5120-7ea6-9e38-2dd62ce85bf8,019daf80-511b-7a68-9b90-33b757872ab5,credit,high_spender,1925.0224071508737,2026-04-21 10:05:15 +0000 UTC
019daf80-5120-7eb1-b5ec-997fba9b0f54,019daf80-511b-7a6f-952f-2c9a5b5cf98c,current,low_spender,5685.464001258349,2026-04-21 10:05:15 +0000 UTC
019daf80-5120-7ebd-96a7-78c8cbb0e294,019daf80-511b-7a7b-86d0-27b8e92591c7,savings,normal,5891.536660840179,2026-04-21 10:05:15 +0000 UTC
019daf80-5120-7ec9-9d0f-bd33ee1e6d51,019daf80-511b-7a83-8ee9-09d5b59c41e3,credit,high_spender,7842.7395394760815,2026-04-21 10:05:15 +0000 UTC
019daf80-5120-7ed4-a33a-4b86cc26784b,019daf80-511b-7a8b-9893-3846b4344ef0,current,low_spender,2978.554727266067,2026-04-21 10:05:15 +0000 UTC
019daf80-5120-7ee4-b9e2-c0d93982e21e,019daf80-511b-7c25-a2a0-5ee7ebb06b8e,savings,normal,4211.085999102862,2026-04-21 10:05:15 +0000 UTC
019daf80-5120-7ef4-8214-1446076aa7e9,019daf80-511b-7c31-b70d-b3a3df1dc7d4,credit,high_spender,8047.785898387087,2026-04-21 10:05:15 +0000 UTC
019daf80-5120-7efb-90ec-2a806576ae4d,019daf80-511c-7b46-a52b-7bcd0be55885,current,low_spender,1860.240605707466,2026-04-21 10:05:15 +0000 UTC
019daf80-5120-7f07-b25f-812f9e36fda0,019daf80-511c-7b5a-9252-a3044a11b141,savings,normal,2322.198948634324,2026-04-21 10:05:15 +0000 UTC
019daf80-5120-7f13-babe-20ca1d00628e,019daf80-511c-7b62-9b59-f04d23350f01,credit,high_spender,7366.441399384005,2026-04-21 10:05:15 +0000 UTC
019daf80-5120-7f1b-86b2-957e1cb1d974,019daf80-511c-7b69-b94a-b4b96d19821c,current,low_spender,5047.916139318894,2026-04-21 10:05:15 +0000 UTC
019daf80-5120-7f26-a521-ef13746cbbb0,019daf80-511c-7b71-bd35-75012a71c650,savings,normal,5484.571925261011,2026-04-21 10:05:15 +0000 UTC
019daf80-5120-7f32-91ee-087682d34086,019daf80-511c-7b79-8ae2-4ccdfa554ed4,credit,high_spender,1666.0954209184097,2026-04-21 10:05:15 +0000 UTC
019daf80-5120-7f3a-960e-38e89f734b90,019daf80-511c-7b81-a368-6ed9256cc1b7,current,low_spender,4779.408606904602,2026-04-21 10:05:15 +0000 UTC
019daf80-5121-7003-a80b-909213514cdd,019daf80-511c-7b89-b0c4-9ab8f3c462dd,savings,normal,2164.3628937678427,2026-04-21 10:05:15 +0000 UTC
019daf80-5121-700f-bc4a-3ec361f12279,019daf80-511c-7b90-a3ff-0f20321bccd8,credit,high_spender,5145.041505300505,2026-04-21 10:05:15 +0000 UTC
019daf80-5121-701f-9a86-63a24db1a8cd,019daf80-511c-7c21-a032-bd35aaaa4d6e,current,low_spender,1198.5859560644635,2026-04-21 10:05:15 +0000 UTC
019daf80-5121-702a-82ca-01dcdcf31af9,019daf80-511c-7c2d-b8c6-5eeaa0216489,savings,normal,5124.005447926764,2026-04-21 10:05:15 +0000 UTC
019daf80-5121-7036-bbe4-3138f6d87972,019daf80-511c-7c31-b4a2-6a05c9ee399a,credit,high_spender,3378.263925468616,2026-04-21 10:05:15 +0000 UTC
019daf80-5121-7042-8e0c-695c46008de0,019daf80-511c-7c38-a8f1-546be1557077,current,low_spender,1756.3359132063626,2026-04-21 10:05:15 +0000 UTC
019daf80-5121-704e-9842-51a645ae8ed6,019daf80-511c-7c40-bb45-fb71c131c337,savings,normal,6938.073168818057,2026-04-21 10:05:15 +0000 UTC
019daf80-5121-7059-a761-726eb7ad0630,019daf80-511c-7c48-9ba6-3be4428d73f6,credit,high_spender,6579.588300420409,2026-04-21 10:05:15 +0000 UTC
019daf80-5121-7065-8540-f874d2e87ff6,019daf80-511c-7c50-bd0e-22f8de99ff0e,current,low_spender,177.02708118248145,2026-04-21 10:05:15 +0000 UTC
019daf80-5121-7071-a380-82e11dc3b54a,019daf80-511c-7c58-8538-81f0fcf58f56,savings,normal,5510.703235913691,2026-04-21 10:05:15 +0000 UTC
019daf80-5121-7079-802c-35e1e1f16c96,019daf80-511c-7c67-8ad6-42e61dc031f8,credit,high_spender,9954.144098137122,2026-04-21 10:05:15 +0000 UTC
019daf80-5121-7084-8c40-94bff5722feb,019daf80-511c-7c6b-967f-2c230405de32,current,low_spender,602.9773346072237,2026-04-21 10:05:15 +0000 UTC
019daf80-5121-7090-932d-4559f1c1539a,019daf80-511c-7c73-80a4-0e2319b74c8f,savings,normal,8292.333298486305,2026-04-21 10:05:15 +0000 UTC
019daf80-5121-70a0-b4d9-912fcda1e6a2,019daf80-511c-7c7b-8a9e-3552a46b6d6e,credit,high_spender,8103.796296452748,2026-04-21 10:05:15 +0000 UTC
019daf80-5121-70ab-abd5-4903553c7d1a,019daf80-511c-7c83-a543-bd0679980b42,current,low_spender,3290.126327623794,2026-04-21 10:05:15 +0000 UTC
019daf80-5121-70b7-a4a2-ac9ab0bf055e,019daf80-511c-7c8a-bd48-ebafbe0b7524,savings,normal,9095.185595240811,2026-04-21 10:05:15 +0000 UTC
019daf80-5121-70c7-b9c9-2a0a53a2de2d,019daf80-511c-7c92-be02-39c9a1601439,credit,high_spender,1866.9149498798133,2026-04-21 10:05:15 +0000 UTC
019daf80-5121-70cf-a4ea-3bfb1067cf74,019daf80-511c-7c96-a92f-9eeef9c9aec1,current,low_spender,1948.840062763794,2026-04-21 10:05:15 +0000 UTC
019daf80-5121-70da-89ce-bcbf14cb5c40,019daf80-511c-7c9e-8392-a5539c5489f1,savings,normal,7852.513782348626,2026-04-21 10:05:15 +0000 UTC
019daf80-5121-70ee-a8ae-e95e0ebda1fa,019daf80-511c-7ca6-9bab-66474d756ea3,credit,high_spender,7456.994120325568,2026-04-21 10:05:15 +0000 UTC
019daf80-5121-70fa-8976-ff6142d55c3b,019daf80-511c-7cae-867d-b0b1eaa47ab9,current,low_spender,8072.2519229810805,2026-04-21 10:05:15 +0000 UTC
019daf80-5121-7105-90a8-8ec310694b5f,019daf80-511c-7cb5-8391-c84633ac0e59,savings,normal,6503.3215656220345,2026-04-21 10:05:15 +0000 UTC
019daf80-5121-710d-9db4-eb5bbad18f76,019daf80-511c-7cbd-8cb1-41258b57e2f2,credit,high_spender,5759.089460878342,2026-04-21 10:05:15 +0000 UTC
019daf80-5121-7119-9909-e6d77279cbcb,019daf80-511c-7cc1-a8cb-414ea5f399f5,current,low_spender,3787.4083833771697,2026-04-21 10:05:15 +0000 UTC
019daf80-5121-7124-a03d-455954769f19,019daf80-511c-7cc9-bb0b-8a4fb76ab7b9,savings,normal,4432.029271604674,2026-04-21 10:05:15 +0000 UTC
019daf80-5121-712c-a255-1aea2d5149b3,019daf80-511c-7cd1-8f70-9659442f9678,credit,high_spender,4588.286582427136,2026-04-21 10:05:15 +0000 UTC
019daf80-5121-7138-a033-c8ef55f37297,019daf80-511c-7cd9-8742-0cc7b1e7f7c6,current,low_spender,9035.097622253586,2026-04-21 10:05:15 +0000 UTC
019daf80-5121-7144-a2ca-925d684be699,019daf80-511c-7cdc-a6e0-4a3f3ff08d4b,savings,normal,9434.622469951273,2026-04-21 10:05:15 +0000 UTC
019daf80-5121-714c-aa0b-eaaf0d5f310f,019daf80-511c-7ce4-a303-758c35bdf2b9,credit,high_spender,2282.672519542084,2026-04-21 10:05:15 +0000 UTC
019daf80-5121-7157-8ee0-56c335909273,019daf80-511c-7cec-b8b3-454795ff56a6,current,low_spender,1339.5094329616686,2026-04-21 10:05:15 +0000 UTC
019daf80-5121-7163-a50b-c04304ea3635,019daf80-511c-7cf4-bfc6-ce4dcc09e576,savings,normal,194.30337841277512,2026-04-21 10:05:15 +0000 UTC
019daf80-5121-716f-bd99-b7bc1842a5bf,019daf80-511c-7cf8-b300-5873e82696fe,credit,high_spender,3687.579538095563,2026-04-21 10:05:15 +0000 UTC
019daf80-5121-717a-a4d5-c3dec3103acf,019daf80-511c-7d00-bf05-2b7384278c1d,current,low_spender,5543.999279424594,2026-04-21 10:05:15 +0000 UTC
019daf80-5121-718e-ad2c-5a5fa0392cbc,019daf80-511c-7d07-a5a3-cdd5b31c8f06,savings,normal,4820.4977286988815,2026-04-21 10:05:15 +0000 UTC
019daf80-5121-719a-a206-bda629943cf7,019daf80-511c-7d0f-8271-242eddf127a6,credit,high_spender,5473.925412754689,2026-04-21 10:05:15 +0000 UTC
019daf80-5121-71a5-9f85-f5e4544f8a41,019daf80-511c-7d13-9263-73b1f1350674,current,low_spender,1746.177479411666,2026-04-21 10:05:15 +0000 UTC
019daf80-5121-71ad-abaa-1ce93fb3bb18,019daf80-511c-7d1b-b2ae-c57d493b24ef,savings,normal,3828.731506245831,2026-04-21 10:05:15 +0000 UTC
019daf80-5121-71b9-b46f-7f8f35b24a41,019daf80-511c-7d23-86c1-ad42abbd748b,credit,high_spender,7160.117440255946,2026-04-21 10:05:15 +0000 UTC
019daf80-5121-71c5-a9c4-19445542dc01,019daf80-511c-7d2b-bccd-dc843beb8aad,current,low_spender,7506.388841390629,2026-04-21 10:05:15 +0000 UTC
019daf80-5121-71d0-826c-80fdff23cb17,019daf80-511c-7d32-80ac-0da49e6bce27,savings,normal,6329.195277062218,2026-04-21 10:05:15 +0000 UTC
019daf80-5121-71dc-b05e-c977730da587,019daf80-511c-7d36-9ebe-6b4da60086dd,credit,high_spender,7630.017631491972,2026-04-21 10:05:15 +0000 UTC
019daf80-5121-71e8-8963-2968dbe5bac9,019daf80-511c-7d3e-bf18-cba3f7a2c963,current,low_spender,8231.14173138858,2026-04-21 10:05:15 +0000 UTC
019daf80-5121-71f0-96ed-cc88562f7c87,019daf80-511c-7d46-8fff-401c2af2f7bb,savings,normal,5861.058367235794,2026-04-21 10:05:15 +0000 UTC
019daf80-5121-71fb-af00-6e5199a1d9e4,019daf80-511c-7d4e-9894-dba82cca9095,credit,high_spender,8828.638296051193,2026-04-21 10:05:15 +0000 UTC
019daf80-5121-7207-a322-6354cf92e80d,019daf80-511c-7d59-b2ff-f23514b706bb,current,low_spender,8631.202789473566,2026-04-21 10:05:15 +0000 UTC
019daf80-5121-7213-a39d-df6014f134a4,019daf80-511c-7d61-ae31-bf7cda8baea7,savings,normal,1392.0265482463922,2026-04-21 10:05:15 +0000 UTC
019daf80-5121-7226-9e44-082cad09a421,019daf80-511c-7d69-a1cc-26401c29c42b,credit,high_spender,2370.432031524121,2026-04-21 10:05:15 +0000 UTC
019daf80-5121-722e-810a-41b85036a6e5,019daf80-511c-7d71-a2ba-eb70dbd251dd,current,low_spender,2257.2232320213607,2026-04-21 10:05:15 +0000 UTC
019daf80-5121-723a-87a3-3628a14a8b6a,019daf80-511c-7d79-826d-7699d6b90f08,savings,normal,4124.109639415481,2026-04-21 10:05:15 +0000 UTC
019daf80-5121-7246-82ca-0666cfd22522,019daf80-511c-7d7d-9bf1-88a14a89d770,credit,high_spender,436.96613447999744,2026-04-21 10:05:15 +0000 UTC
019daf80-5121-7251-8577-8fa6f51330ca,019daf80-511c-7d84-9c40-9afd97bbb002,current,low_spender,5300.885804226587,2026-04-21 10:05:15 +0000 UTC
019daf80-5121-7259-9086-a60214b42230,019daf80-511c-7d8c-9757-f347920e11fc,savings,normal,3415.732645549884,2026-04-21 10:05:15 +0000 UTC
019daf80-5121-7265-9907-d62f321d3437,019daf80-511c-7d94-b4d2-9c41028f60ca,credit,high_spender,4369.70790937849,2026-04-21 10:05:15 +0000 UTC
019daf80-5121-7271-b22b-48588ef1ff95,019daf80-511c-7d98-895b-0456c3bcb760,current,low_spender,2465.029767525554,2026-04-21 10:05:15 +0000 UTC
019daf80-5121-7278-8ff5-d588b687c72a,019daf80-511c-7da0-bc62-709d32b19733,savings,normal,1241.6428275329395,2026-04-21 10:05:15 +0000 UTC
019daf80-5121-7288-b100-bfc9ce1284e0,019daf80-511c-7da8-99de-c94665c34051,credit,high_spender,181.16061067594947,2026-04-21 10:05:15 +0000 UTC
019daf80-5121-7290-ba2f-b66602b067c8,019daf80-511c-7daf-8252-e065946c69f0,current,low_spender,7964.8904617056105,2026-04-21 10:05:15 +0000 UTC
019daf80-5121-729f-964d-68ebd9efa497,019daf80-511c-7db7-818c-fa6965310c69,savings,normal,2734.0222571569443,2026-04-21 10:05:15 +0000 UTC
019daf80-5121-72a7-9b72-16a05d15a92b,019daf80-511c-7dbb-9cdd-abf357b17daa,credit,high_spender,369.48989801948386,2026-04-21 10:05:15 +0000 UTC
019daf80-5121-72b3-8233-bcf0681a264f,019daf80-511c-7dc3-b40a-0da44f4bba24,current,low_spender,212.01496863275494,2026-04-21 10:05:15 +0000 UTC
019daf80-5121-72c6-87da-c49e5a338f35,019daf80-511c-7dcb-921d-14adea027cc7,savings,normal,4573.447088260377,2026-04-21 10:05:15 +0000 UTC
019daf80-5121-72d2-a122-302a67e330cb,019daf80-511c-7dd3-ae67-46cc34381efd,credit,high_spender,6325.742757603951,2026-04-21 10:05:15 +0000 UTC
019daf80-5121-72de-a1dd-cbd6a5bef9da,019daf80-511c-7dd6-a635-820fdedf7060,current,low_spender,9093.561561272823,2026-04-21 10:05:15 +0000 UTC
019daf80-5121-72e6-9826-8a70f7499d40,019daf80-511c-7dde-86a3-ba32d003add6,savings,normal,8381.673574489627,2026-04-21 10:05:15 +0000 UTC
019daf80-5121-72f1-9fd4-672f9b9822ac,019daf80-511c-7de6-baff-74bb07853af0,credit,high_spender,8180.724725002519,2026-04-21 10:05:15 +0000 UTC
019daf80-5121-72fd-8d46-68b60f985609,019daf80-511c-7dee-bc42-a50a1faa295c,current,low_spender,882.3010498573714,2026-04-21 10:05:15 +0000 UTC
019daf80-5121-7309-ab1d-e22639959ed4,019daf80-511c-7dfe-b656-f799b6ebd725,savings,normal,9255.060455216139,2026-04-21 10:05:15 +0000 UTC
019daf80-5121-7318-bba4-8b6f04ddb341,019daf80-511c-7e01-a465-068eddd8a78f,credit,high_spender,1041.9838771413813,2026-04-21 10:05:15 +0000 UTC
019daf80-5121-7324-8f94-e51cd6286b4b,019daf80-511c-7e09-b5b1-4babd309c799,current,low_spender,6417.154956624195,2026-04-21 10:05:15 +0000 UTC
019daf80-5121-732c-a62a-9c94d847e7ea,019daf80-511c-7e11-b46b-2484ac1ccd9e,savings,normal,3644.3246389538535,2026-04-21 10:05:15 +0000 UTC
019daf80-5121-7338-85a9-b3206b18f039,019daf80-511c-7e19-b7d0-e1b6099cb352,credit,high_spender,7050.348635388671,2026-04-21 10:05:15 +0000 UTC
019daf80-5121-7343-9d50-80e4c20dab8b,019daf80-511c-7e21-8a4e-c3754af384f8,current,low_spender,1080.6892701311633,2026-04-21 10:05:15 +0000 UTC
019daf80-5121-734b-bbf4-1aaa40857d16,019daf80-511c-7e25-af5b-a35468d9fa1a,savings,normal,3639.1213209930834,2026-04-21 10:05:15 +0000 UTC
019daf80-5121-735b-8126-7f23f7fec570,019daf80-511c-7e2c-afd5-f423884c6323,credit,high_spender,271.82765011678487,2026-04-21 10:05:15 +0000 UTC
019daf80-5121-7367-8a70-ee27221a195c,019daf80-511c-7e34-a751-f0fb0809a6ad,current,low_spender,9723.724697722915,2026-04-21 10:05:15 +0000 UTC
019daf80-5121-7376-9c8f-72bed14c68fc,019daf80-511c-7e3c-bd9d-4b1b016cf644,savings,normal,5175.753845132382,2026-04-21 10:05:15 +0000 UTC
019daf80-5121-7382-8263-50524701a8bb,019daf80-511c-7e44-9380-1acabf070683,credit,high_spender,7005.428889450186,2026-04-21 10:05:15 +0000 UTC
019daf80-5121-738a-8d07-7366e0c9d066,019daf80-511c-7e48-af1c-623a5b6cac2c,current,low_spender,9347.805622620663,2026-04-21 10:05:15 +0000 UTC
019daf80-5121-7399-a040-a3e767c3a704,019daf80-511c-7e50-9097-42e8f8e76e0d,savings,normal,3957.7450213674874,2026-04-21 10:05:15 +0000 UTC
019daf80-5121-73a5-91a8-9281f11d9570,019daf80-511c-7e57-a9fb-54ee1523b263,credit,high_spender,4968.742378514476,2026-04-21 10:05:15 +0000 UTC
019daf80-5121-73b1-abc3-a6641ea0c3a4,019daf80-511c-7e5f-88b1-951a4a7adf3c,current,low_spender,624.8538269953285,2026-04-21 10:05:15 +0000 UTC
019daf80-5121-73b9-af36-c151dda07a3f,019daf80-511c-7e63-b9a5-120ee7913d16,savings,normal,2773.7444869265755,2026-04-21 10:05:15 +0000 UTC
019daf80-5121-73c4-b423-ca8b976324e8,019daf80-511c-7e6b-8cfd-7de8c705cb26,credit,high_spender,987.9048389239115,2026-04-21 10:05:15 +0000 UTC
019daf80-5121-73d0-af22-6f8960d31813,019daf80-511c-7e73-a4d2-e4f1cb7fd5fd,current,low_spender,8654.557615991636,2026-04-21 10:05:15 +0000 UTC
019daf80-5121-73dc-ab91-4e3d156f15d2,019daf80-511c-7e77-b274-516bb31ebe2d,savings,normal,616.7978766850629,2026-04-21 10:05:15 +0000 UTC
019daf80-5121-73e8-a906-be7253d3b930,019daf80-511c-7e7e-bd7f-d247ee52a088,credit,high_spender,7341.328830346277,2026-04-21 10:05:15 +0000 UTC
019daf80-5121-73ef-821d-f5f0c801a7d1,019daf80-511c-7e86-990b-756cdd79dd76,current,low_spender,4587.392523589925,2026-04-21 10:05:15 +0000 UTC
019daf80-5121-73ff-95b6-d8ffbb3d116a,019daf80-511c-7e8e-9c0a-cd5468ffc05f,savings,normal,4995.587630182071,2026-04-21 10:05:15 +0000 UTC
019daf80-5121-7407-b448-b73c4b6aa832,019daf80-511c-7e9a-b0f5-51a33b93fa8f,credit,high_spender,6827.602338175353,2026-04-21 10:05:15 +0000 UTC
019daf80-5121-7412-b888-c6b4bd78d6ce,019daf80-511c-7ed4-aa70-bfdd5bd997f6,current,low_spender,9611.63021001932,2026-04-21 10:05:15 +0000 UTC
019daf80-5121-7422-a73a-eb1d4909eed6,019daf80-511c-7edc-9df8-0698de393061,savings,normal,8363.762637463613,2026-04-21 10:05:15 +0000 UTC
019daf80-5121-742a-8e05-70251d6ea607,019daf80-511c-7ee4-931a-fb3dab94f44b,credit,high_spender,7092.143797126426,2026-04-21 10:05:15 +0000 UTC
019daf80-5121-7436-8678-192e32f5e449,019daf80-511c-7ee8-bbe6-41ca181448d1,current,low_spender,2599.0471798418857,2026-04-21 10:05:15 +0000 UTC
019daf80-5121-7441-bc19-ef41aea96a0f,019daf80-511c-7ef8-9382-06a9aa19ba12,savings,normal,2640.233484184934,2026-04-21 10:05:15 +0000 UTC
019daf80-5121-744d-9bad-5caae5d11b9b,019daf80-511c-7eff-b4dc-8f948b09aec1,credit,high_spender,6061.796696987178,2026-04-21 10:05:15 +0000 UTC
019daf80-5121-7459-bbfa-eb89764551f2,019daf80-511c-7f07-bac3-057771b5e9bc,current,low_spender,5930.50375551371,2026-04-21 10:05:15 +0000 UTC
019daf80-5121-7465-9df0-c2eda9e6e3f7,019daf80-511c-7f0f-b8b0-7d44bf121a82,savings,normal,8119.1844975476815,2026-04-21 10:05:15 +0000 UTC
019daf80-5121-7470-b79f-e7be491b1093,019daf80-511c-7f13-bfa6-a6edbdae15b0,credit,high_spender,6009.934395181334,2026-04-21 10:05:15 +0000 UTC
019daf80-5121-747c-b4e4-0b0829432cc1,019daf80-511c-7f1b-83c2-94f3f3ade448,current,low_spender,3882.423349582333,2026-04-21 10:05:15 +0000 UTC
019daf80-5121-7488-a4b0-20fbdf8c55b0,019daf80-511c-7f23-932c-1897363b1d62,savings,normal,5807.5008296156375,2026-04-21 10:05:15 +0000 UTC
019daf80-5121-7493-aef6-c534168812e3,019daf80-511c-7f26-aa55-2b25ede299f4,credit,high_spender,4328.681448163816,2026-04-21 10:05:15 +0000 UTC
019daf80-5121-749f-913a-52a2e7a17e59,019daf80-511c-7f2e-afdc-ff84870c1190,current,low_spender,2529.9590928939388,2026-04-21 10:05:15 +0000 UTC
019daf80-5121-74ab-ade0-6ae306dfc2da,019daf80-511c-7f36-8f01-57e593ac4f9c,savings,normal,9489.5452511465,2026-04-21 10:05:15 +0000 UTC
019daf80-5121-74b3-8329-8b6bc65e1caf,019daf80-511c-7f3e-88ae-2a41e6dd006e,credit,high_spender,5735.538551724223,2026-04-21 10:05:15 +0000 UTC
019daf80-5121-74be-85f0-d276e2606f75,019daf80-511d-7003-9fab-d94d0fc1b1ea,current,low_spender,1803.4570159157959,2026-04-21 10:05:15 +0000 UTC
019daf80-5121-74ca-836f-b3aa6b8c9a12,019daf80-511d-700b-ac9a-05ae90998171,savings,normal,7773.750685447596,2026-04-21 10:05:15 +0000 UTC
019daf80-5121-74d6-899a-d416df74f5bf,019daf80-511d-7013-96f2-fda8bd8c783c,credit,high_spender,9162.152174559753,2026-04-21 10:05:15 +0000 UTC
019daf80-5121-74e2-89f7-e91807bfe425,019daf80-511d-7017-857f-0ae598f42e2a,current,low_spender,7745.83367640113,2026-04-21 10:05:15 +0000 UTC
019daf80-5121-74e9-9e39-84a4d799c5bd,019daf80-511d-701f-bd39-359523193ab8,savings,normal,154.3665442693959,2026-04-21 10:05:15 +0000 UTC
019daf80-5121-74f5-abd2-b8900e1d441d,019daf80-511d-7027-9109-f66a5351e1b2,credit,high_spender,231.91897714137545,2026-04-21 10:05:15 +0000 UTC
019daf80-5121-7501-825b-7ffed4e15df0,019daf80-511d-702e-9cff-58dc9ff56574,current,low_spender,7398.087330482135,2026-04-21 10:05:15 +0000 UTC
019daf80-5121-750c-80cc-911b895090a0,019daf80-511d-7032-a9dd-5143f72d5e26,savings,normal,4294.230068470649,2026-04-21 10:05:15 +0000 UTC
019daf80-5121-7514-912e-c534bde72e94,019daf80-511d-703a-891a-9a5b31215ecd,credit,high_spender,711.1063748121221,2026-04-21 10:05:15 +0000 UTC
019daf80-5121-7520-8530-955b3978a190,019daf80-511d-7042-872a-1fec9ede1d13,current,low_spender,8785.502211976383,2026-04-21 10:05:15 +0000 UTC
019daf80-5121-752c-abba-08b4286d6612,019daf80-511d-704a-87b4-9bd7ca9bc70e,savings,normal,7320.419178613073,2026-04-21 10:05:15 +0000 UTC
019daf80-5121-7537-907e-f7fd7485b0c3,019daf80-511d-7052-90da-13906e1ae0a2,credit,high_spender,7698.228265403477,2026-04-21 10:05:15 +0000 UTC
019daf80-5121-7543-8e0e-50f140029424,019daf80-511d-7055-abf1-fc11aeb886c5,current,low_spender,5466.746951181985,2026-04-21 10:05:15 +0000 UTC
019daf80-5121-754f-850a-e00a77739f79,019daf80-511d-7061-b498-58603dea3759,savings,normal,2408.1300756807263,2026-04-21 10:05:15 +0000 UTC
019daf80-5121-7557-8136-9605c7ac4f36,019daf80-511d-7069-9791-e0e212cb12d4,credit,high_spender,5374.4537289708505,2026-04-21 10:05:15 +0000 UTC
019daf80-5121-7562-8d25-e067bbdfdc36,019daf80-511d-706d-b1e7-d82d49c8b775,current,low_spender,958.343357178868,2026-04-21 10:05:15 +0000 UTC
019daf80-5121-756e-922d-e8be9fd231db,019daf80-511d-707d-8ec8-3981bc9514f1,savings,normal,3845.6874688822286,2026-04-21 10:05:15 +0000 UTC
019daf80-5121-757a-a3dd-9c6aedca9d84,019daf80-511d-7084-ab9f-972564c5dbdd,credit,high_spender,6814.661377903315,2026-04-21 10:05:15 +0000 UTC
019daf80-5121-7586-94c0-96b05d08c559,019daf80-511d-7088-8941-b1719bec635e,current,low_spender,6269.792807726349,2026-04-21 10:05:15 +0000 UTC
019daf80-5121-7591-af20-e07ee7f3e964,019daf80-511d-7090-be8f-4f7bdf03e461,savings,normal,6854.890707229496,2026-04-21 10:05:15 +0000 UTC
019daf80-5121-7599-aefa-fcaa41f6faf2,019daf80-511d-7098-be3f-1c86ee415bb2,credit,high_spender,4060.2214776838814,2026-04-21 10:05:15 +0000 UTC
019daf80-5121-75a5-924c-732b7ac513bc,019daf80-511d-70a0-8a9e-a5111d66ea35,current,low_spender,1809.5167135012014,2026-04-21 10:05:15 +0000 UTC
019daf80-5121-75b1-a7b8-1dc6ff6ac325,019daf80-511d-70a4-b968-1941173e6bcf,savings,normal,5504.141868448364,2026-04-21 10:05:15 +0000 UTC
019daf80-5121-75bc-8c60-d800f462c14f,019daf80-511d-70ab-bf49-3722a1256dd5,credit,high_spender,9182.893994734792,2026-04-21 10:05:15 +0000 UTC
019daf80-5121-75c4-8564-6f3657f92f41,019daf80-511d-70b3-b868-b948db89f1cb,current,low_spender,8495.815751389724,2026-04-21 10:05:15 +0000 UTC
019daf80-5121-75d0-91c0-656f3a492493,019daf80-511d-70bb-9d6f-8891ef93f8c0,savings,normal,3999.217814691252,2026-04-21 10:05:15 +0000 UTC
019daf80-5121-75dc-8c59-25610790183b,019daf80-511d-70bf-a450-ffa4dfe64dee,credit,high_spender,7047.18155620593,2026-04-21 10:05:15 +0000 UTC
019daf80-5121-75e7-9576-9de8d082ceb6,019daf80-511d-70c7-9ca3-38f92ea8a34f,current,low_spender,1004.1818001511593,2026-04-21 10:05:15 +0000 UTC
019daf80-5121-75f3-82b3-7171e13cdbca,019daf80-511d-70cf-bb77-255f8b9b0942,savings,normal,7646.40177459992,2026-04-21 10:05:15 +0000 UTC
019daf80-5121-75ff-949c-e83f7ef5924a,019daf80-511d-70d6-9cab-25945dd3169e,credit,high_spender,4292.342754990284,2026-04-21 10:05:15 +0000 UTC
019daf80-5121-7606-9338-7cab5d353e22,019daf80-511d-70da-8c1a-93061359fee1,current,low_spender,2781.6433035834293,2026-04-21 10:05:15 +0000 UTC
019daf80-5121-7616-aa54-f97b5faccb01,019daf80-511d-70e2-abad-84525fb6f656,savings,normal,7174.27940014134,2026-04-21 10:05:15 +0000 UTC
019daf80-5121-7622-84f6-cb58ee0966c2,019daf80-511d-70ea-900f-e158280645fb,credit,high_spender,2540.5572916706415,2026-04-21 10:05:15 +0000 UTC
019daf80-5121-762a-a6a0-c5ef96f89afb,019daf80-511d-70f2-ace6-ed0b1cf85ba3,current,low_spender,1198.31584754421,2026-04-21 10:05:15 +0000 UTC
019daf80-5121-7635-a76e-cdecfd221e6e,019daf80-511d-70f6-b580-43875bc9abed,savings,normal,9550.06427602767,2026-04-21 10:05:15 +0000 UTC
019daf80-5121-7641-9cd0-1b242c5af75d,019daf80-511d-70fd-9d0f-4c98b846beea,credit,high_spender,2543.597249086166,2026-04-21 10:05:15 +0000 UTC
019daf80-5121-764d-b03d-e9aa016b1c04,019daf80-511d-7105-80a7-86ee19847b71,current,low_spender,983.0701302014072,2026-04-21 10:05:15 +0000 UTC
019daf80-5121-7659-9cb4-d6ab929972f6,019daf80-511d-710d-90ac-a57c0864fa89,savings,normal,7850.070954874244,2026-04-21 10:05:15 +0000 UTC
019daf80-5121-7664-a70d-dd3e3d910511,019daf80-511d-7111-825c-a4092d673492,credit,high_spender,6668.722857624203,2026-04-21 10:05:15 +0000 UTC
019daf80-5121-766c-8b35-45295150d447,019daf80-511d-7119-b7dc-27fea8db18ef,current,low_spender,1893.3283646365085,2026-04-21 10:05:15 +0000 UTC
019daf80-5121-7678-bb89-ab9999f32562,019daf80-511d-7121-9557-c7a15d4b011f,savings,normal,6056.79875720855,2026-04-21 10:05:15 +0000 UTC
019daf80-5121-7683-89aa-dc8d5373ab22,019daf80-511d-7128-9c47-7371d00d2c83,credit,high_spender,6800.350833057851,2026-04-21 10:05:15 +0000 UTC
019daf80-5121-768f-9771-d4bf6a2a3264,019daf80-511d-7130-ba97-a5143392a3bb,current,low_spender,1980.498739470083,2026-04-21 10:05:15 +0000 UTC
019daf80-5121-769b-af35-937c76b35ac8,019daf80-511d-713c-9a83-19831ec0d83c,savings,normal,3901.4166183753673,2026-04-21 10:05:15 +0000 UTC
019daf80-5121-76a7-98d4-068aafb50c75,019daf80-511d-7144-87aa-08cec4c14124,credit,high_spender,3238.8197889474045,2026-04-21 10:05:15 +0000 UTC
019daf80-5121-76b2-b56f-7d1507980a79,019daf80-511d-714c-9462-5e63d358724b,current,low_spender,4642.7371184753065,2026-04-21 10:05:15 +0000 UTC
019daf80-5121-76be-971b-c212fe4c4aba,019daf80-511d-7153-8110-d34489591246,savings,normal,1250.0106120520493,2026-04-21 10:05:15 +0000 UTC
019daf80-5121-76d9-a4d9-2991b2abaf63,019daf80-511d-7157-9131-b3cadc5deec6,credit,high_spender,6481.966116188881,2026-04-21 10:05:15 +0000 UTC
019daf80-5121-76e5-85a2-5afb7d599c12,019daf80-511d-715f-8158-34053745aad3,current,low_spender,9856.492604170899,2026-04-21 10:05:15 +0000 UTC
019daf80-5121-76f1-9890-1de2604178d2,019daf80-511d-7167-bf61-163a908a8336,savings,normal,940.398973661275,2026-04-21 10:05:15 +0000 UTC
019daf80-5121-76fd-9c43-22e055782702,019daf80-511d-716f-8ab3-1ab453b7afd8,credit,high_spender,8004.366511662325,2026-04-21 10:05:15 +0000 UTC
019daf80-5121-7704-b16c-9c196fed6d7b,019daf80-511d-7173-8805-b780534cff71,current,low_spender,7736.424656768285,2026-04-21 10:05:15 +0000 UTC
019daf80-5121-7710-8971-370b3f814e38,019daf80-511d-717e-ba89-f29a9eb2fea6,savings,normal,9941.408903464659,2026-04-21 10:05:15 +0000 UTC
019daf80-5121-771c-a8f3-796c0f8b3706,019daf80-511d-7182-a0ca-711e69164fba,credit,high_spender,4212.200512204314,2026-04-21 10:05:15 +0000 UTC
019daf80-5121-7724-bf3a-40a003f34e31,019daf80-511d-718a-a3a8-d18c87cb4983,current,low_spender,4019.974904630362,2026-04-21 10:05:15 +0000 UTC
019daf80-5121-772f-9bcd-2da9e11c75be,019daf80-511d-7192-a477-079c2991ad52,savings,normal,3123.181957573269,2026-04-21 10:05:15 +0000 UTC
019daf80-5121-7737-aa90-626f9097a7b9,019daf80-511d-719a-bb1a-78514b76319a,credit,high_spender,2077.7207078330866,2026-04-21 10:05:15 +0000 UTC
019daf80-5121-7743-835d-5e65a92ee86d,019daf80-511d-719e-bcfb-ef0b33a1f04a,current,low_spender,7233.729827677762,2026-04-21 10:05:15 +0000 UTC
019daf80-5121-774b-a99b-445ccd0c67a4,019daf80-511d-71a5-8199-dde05467e6a5,savings,normal,3926.3771181975644,2026-04-21 10:05:15 +0000 UTC
019daf80-5121-7756-8ec4-072887ed3035,019daf80-511d-71ad-9f2b-70808938242f,credit,high_spender,4047.1270269796923,2026-04-21 10:05:15 +0000 UTC
019daf80-5121-775e-8e24-845f5f53006e,019daf80-511d-71b5-a3e9-eb835e124626,current,low_spender,721.2887958048319,2026-04-21 10:05:15 +0000 UTC
019daf80-5121-776a-aa7c-50bef3b1174c,019daf80-511d-71bd-a2da-691280a14856,savings,normal,2840.3445755061425,2026-04-21 10:05:15 +0000 UTC
019daf80-5121-7776-a8e8-ac011560fc5c,019daf80-511d-71c5-b348-2018853860c6,credit,high_spender,7062.20128413032,2026-04-21 10:05:15 +0000 UTC
019daf80-5121-7781-8cd6-cbe293bda745,019daf80-511d-71cc-ae56-53a4acf6bb8c,current,low_spender,3352.9281671614567,2026-04-21 10:05:15 +0000 UTC
019daf80-5121-778d-913d-111183593e22,019daf80-511d-71d0-ade3-3021b222d194,savings,normal,1417.5190902917611,2026-04-21 10:05:15 +0000 UTC
019daf80-5121-7795-a83a-811dab5cf4d2,019daf80-511d-71d8-9119-40fcf940a816,credit,high_spender,8809.96222809913,2026-04-21 10:05:15 +0000 UTC
019daf80-5121-77a1-ba4d-26ce3f08406b,019daf80-511d-71e0-a689-2dfc4dd50f27,current,low_spender,6932.029097061712,2026-04-21 10:05:15 +0000 UTC
019daf80-5121-77ac-bc26-14762a79506c,019daf80-511d-71e8-8d59-1662c05bcc04,savings,normal,7443.976699918226,2026-04-21 10:05:15 +0000 UTC
019daf80-5121-77b4-b484-ba448f459446,019daf80-511d-71f0-a3e3-80d314bfdafc,credit,high_spender,151.62602139939307,2026-04-21 10:05:15 +0000 UTC
019daf80-5121-77c0-a2e2-3d986b8d9346,019daf80-511d-71f7-8de5-9bbd107e6009,current,low_spender,3366.9911562202483,2026-04-21 10:05:15 +0000 UTC
019daf80-5121-77cc-a072-f0cb0a98bb92,019daf80-511d-7203-bbef-a4c756d2c146,savings,normal,4216.212736447506,2026-04-21 10:05:15 +0000 UTC
019daf80-5121-77d3-be3b-abf2d09ad043,019daf80-511d-720b-9170-9b702983c380,credit,high_spender,1584.4327391250256,2026-04-21 10:05:15 +0000 UTC
019daf80-5121-77df-bee2-14b49589e3e5,019daf80-511d-7213-94e1-5eeafdcbb41c,current,low_spender,1485.409354535155,2026-04-21 10:05:15 +0000 UTC
019daf80-5121-77eb-9ef3-44bfb24a483e,019daf80-511d-721b-8dcd-2cf4fd05b14e,savings,normal,496.1199458049087,2026-04-21 10:05:15 +0000 UTC
019daf80-5121-77f3-aef6-28da1b496fea,019daf80-511d-7222-9f1a-58dc014a9577,credit,high_spender,9475.51334224479,2026-04-21 10:05:15 +0000 UTC
019daf80-5121-77fe-acb8-29f5489231ce,019daf80-511d-722a-a2d6-d8ea91ce4bc0,current,low_spender,8208.204762799513,2026-04-21 10:05:15 +0000 UTC
019daf80-5121-780a-bb8c-76bad98e0672,019daf80-511d-722e-91fc-9f2335d085c5,savings,normal,1040.0022538266767,2026-04-21 10:05:15 +0000 UTC
019daf80-5121-7816-80ae-7bc31a92ee14,019daf80-511d-7236-bf48-e51c723a8fd5,credit,high_spender,9994.752197163136,2026-04-21 10:05:15 +0000 UTC
019daf80-5121-781e-a6d0-06ab9d48f0c0,019daf80-511d-723e-bf20-167115e01dca,current,low_spender,9676.040715835858,2026-04-21 10:05:15 +0000 UTC
019daf80-5121-7829-92b2-2cfeac9369e1,019daf80-511d-7246-aa3a-5fdffb552b45,savings,normal,4519.917694337597,2026-04-21 10:05:15 +0000 UTC
019daf80-5121-7835-b0f3-77e0b7d73e13,019daf80-511d-724d-b0ef-ab5d6ebbcb87,credit,high_spender,4571.417070424488,2026-04-21 10:05:15 +0000 UTC
019daf80-5121-783d-be03-f180f20ac50b,019daf80-511d-7251-89ca-ea963b798d32,current,low_spender,4734.815957974684,2026-04-21 10:05:15 +0000 UTC
019daf80-5121-7849-9c0f-5cd4b6bb42c7,019daf80-511d-7259-a34f-01b1e251d891,savings,normal,8262.847467351925,2026-04-21 10:05:15 +0000 UTC
019daf80-5121-7854-b26a-95defd98a4cc,019daf80-511d-7261-ba6c-d0dd147d6154,credit,high_spender,7347.762887458327,2026-04-21 10:05:15 +0000 UTC
019daf80-5121-785c-bbfe-84a31765e0e8,019daf80-511d-7269-af58-9c4a2b04e9bb,current,low_spender,29.943728157193483,2026-04-21 10:05:15 +0000 UTC
019daf80-5121-7868-9ffa-329c921b82f3,019daf80-511a-71e4-b9e4-bb2584f38797,savings,normal,8618.870571826381,2026-04-21 10:05:15 +0000 UTC
019daf80-5121-7877-bb8c-fc76d3bc82c4,019daf80-511a-7207-9aa8-9b5f0b76502a,credit,high_spender,7229.63451097454,2026-04-21 10:05:15 +0000 UTC
019daf80-5121-7883-8294-27b3bd89733f,019daf80-511a-7213-b889-febca94d6711,current,low_spender,2538.4933730277467,2026-04-21 10:05:15 +0000 UTC
019daf80-5121-788b-a692-12f94b88c295,019daf80-511a-721b-b211-db9b8f673571,savings,normal,5372.726402406469,2026-04-21 10:05:15 +0000 UTC
019daf80-5121-7897-a487-3cc47f54610a,019daf80-511a-721e-ae16-ce2727a056ec,credit,high_spender,1477.1077774249818,2026-04-21 10:05:15 +0000 UTC
019daf80-5121-78a2-bdec-a084ed253b41,019daf80-511a-7226-9f57-59bc4d4fbab3,current,low_spender,6273.271896982681,2026-04-21 10:05:15 +0000 UTC
019daf80-5121-78ae-8371-f31ec8d07217,019daf80-511a-7232-adef-51b25382bde1,savings,normal,199.38333758667827,2026-04-21 10:05:15 +0000 UTC
019daf80-5121-78b6-92fa-0074fd678f3e,019daf80-511a-723a-98e9-efa3c8b24200,credit,high_spender,7985.279477039719,2026-04-21 10:05:15 +0000 UTC
019daf80-5121-78c2-8b5d-6d24d10280a0,019daf80-511a-7242-9719-8537945c2c91,current,low_spender,1928.8497917714453,2026-04-21 10:05:15 +0000 UTC
019daf80-5121-78ca-b327-cffec03d9837,019daf80-511a-7249-b53b-0cbbbec15388,savings,normal,5859.680971180772,2026-04-21 10:05:15 +0000 UTC
019daf80-5121-78d5-83c2-5bf4a30f9b0a,019daf80-511a-724d-b450-738f9b8fde84,credit,high_spender,8137.7655848323075,2026-04-21 10:05:15 +0000 UTC
019daf80-5121-78e1-a57b-e31af3981d10,019daf80-511a-7255-9abd-3a1ec591b0dd,current,low_spender,1458.76217128739,2026-04-21 10:05:15 +0000 UTC
019daf80-5121-78ed-925b-18968a828be7,019daf80-511a-726d-a3ca-3132cc7ac809,savings,normal,8892.052420341652,2026-04-21 10:05:15 +0000 UTC
019daf80-5121-78f4-b9d9-09e1d1fe2ae5,019daf80-511a-7274-9233-cd7f59d3c2de,credit,high_spender,1053.4631616626466,2026-04-21 10:05:15 +0000 UTC
019daf80-5121-7900-93e0-d374be756c2d,019daf80-511a-727c-a6f4-f6d412f3fcdd,current,low_spender,7348.616943601432,2026-04-21 10:05:15 +0000 UTC
019daf80-5121-790c-abeb-fd07d5c33646,019daf80-511a-7284-b013-bf5047019e66,savings,normal,8232.642561361632,2026-04-21 10:05:15 +0000 UTC
019daf80-5121-7918-a579-4f2563a7a4aa,019daf80-511a-7288-a64f-4c707d780474,credit,high_spender,7969.500253513056,2026-04-21 10:05:15 +0000 UTC
019daf80-5121-791f-98f7-1bb14f9854e4,019daf80-511a-7290-a660-05a58f2a191c,current,low_spender,6941.583225932777,2026-04-21 10:05:15 +0000 UTC
019daf80-5121-792b-a26d-e263315b91c9,019daf80-511a-7298-832f-8b26b4f311e1,savings,normal,4769.333554127476,2026-04-21 10:05:15 +0000 UTC
019daf80-5121-7937-b268-e032b33959b6,019daf80-511a-729f-bebb-b7aec40b6f61,credit,high_spender,3983.180879346584,2026-04-21 10:05:15 +0000 UTC
019daf80-5121-7943-848b-8183ded7cc2b,019daf80-511a-72a7-b357-be970ca97854,current,low_spender,8618.1465977482,2026-04-21 10:05:15 +0000 UTC
019daf80-5121-794e-bd8a-4766c1bc3771,019daf80-511a-72af-9dd1-0130930193ee,savings,normal,9798.960425095762,2026-04-21 10:05:15 +0000 UTC
019daf80-5121-7956-9955-18ca03064ab3,019daf80-511a-72ce-a999-b594b5c7e4d9,credit,high_spender,6218.318918489745,2026-04-21 10:05:15 +0000 UTC
019daf80-5121-7962-9b18-d9e2b6be8228,019daf80-511a-72d6-8f8a-36de0390b8bb,current,low_spender,9136.774355014351,2026-04-21 10:05:15 +0000 UTC
019daf80-5121-796e-97a1-79e9c1f3a260,019daf80-511a-72da-b3d7-05e7242e4cd8,savings,normal,241.07215317316965,2026-04-21 10:05:15 +0000 UTC
019daf80-5121-7975-a130-15a387664b1d,019daf80-511a-72e2-9de3-80888d58b27a,credit,high_spender,1684.7844672883373,2026-04-21 10:05:15 +0000 UTC
019daf80-5121-7981-910a-0a31add48797,019daf80-511a-72ea-ac14-306553f93352,current,low_spender,8227.578786528544,2026-04-21 10:05:15 +0000 UTC
019daf80-5121-798d-9da2-34725a34fa3f,019daf80-511a-72f1-86e3-665bb5618716,savings,normal,1557.515748582291,2026-04-21 10:05:15 +0000 UTC
019daf80-5121-7995-b8c7-167d51c818f5,019daf80-511a-72f5-9bfb-395330b2df52,credit,high_spender,4982.085192795411,2026-04-21 10:05:15 +0000 UTC
019daf80-5121-79a0-b046-7cd34892c883,019daf80-511a-72fd-b38e-6abebf9b8e59,current,low_spender,8615.840386833597,2026-04-21 10:05:15 +0000 UTC
019daf80-5121-79ac-a2ae-6e922c53e35e,019daf80-511a-7305-8603-b631aee8dfe0,savings,normal,645.4453132731492,2026-04-21 10:05:15 +0000 UTC
019daf80-5121-79b4-aadb-f6af901a7983,019daf80-511a-7309-ae48-d7bea7d25ad1,credit,high_spender,6135.142152899673,2026-04-21 10:05:15 +0000 UTC
019daf80-5121-79c0-ae66-9051cfc7f505,019daf80-511a-7311-942d-670edad9a9a8,current,low_spender,9578.876930013563,2026-04-21 10:05:15 +0000 UTC
019daf80-5121-79cb-919a-cc5cd87e16a2,019daf80-511a-7318-83e2-f6b4a10d53c4,savings,normal,6596.231647934931,2026-04-21 10:05:15 +0000 UTC
019daf80-5121-79d3-973e-d01b1b08071b,019daf80-511a-7320-92af-560fa24eaa93,credit,high_spender,7670.497362631794,2026-04-21 10:05:15 +0000 UTC
019daf80-5121-79df-ac64-c643ad47e687,019daf80-511a-7328-9321-295a9ecb3e54,current,low_spender,3236.0833638502704,2026-04-21 10:05:15 +0000 UTC
019daf80-5121-79e7-ab22-479057869369,019daf80-511a-7330-9db3-701f2a7bb0c7,savings,normal,1424.0804946020792,2026-04-21 10:05:15 +0000 UTC
019daf80-5121-79f2-89d0-9027c335d647,019daf80-511a-7334-b749-3ba645cfdba4,credit,high_spender,1419.1975367443843,2026-04-21 10:05:15 +0000 UTC
019daf80-5121-79fe-98ef-6d45aa7ad025,019daf80-511a-733c-a1b2-191c7a7a326b,current,low_spender,1410.6819809621518,2026-04-21 10:05:15 +0000 UTC
019daf80-5121-7a06-95b0-00b6d0d2d52a,019daf80-511a-7343-9269-78177f2dcd92,savings,normal,8397.554484133881,2026-04-21 10:05:15 +0000 UTC
019daf80-5121-7a12-ad62-bec1814c2540,019daf80-511a-7347-be2d-10208cced59c,credit,high_spender,456.8886634331504,2026-04-21 10:05:15 +0000 UTC
019daf80-5121-7a19-a3d8-3f3dc653b44d,019daf80-511a-734f-a74f-a53fddc13913,current,low_spender,4654.842082094179,2026-04-21 10:05:15 +0000 UTC
019daf80-5121-7a25-a550-1d635585f815,019daf80-511a-7357-93a7-a7f341b99e1c,savings,normal,3164.593794257592,2026-04-21 10:05:15 +0000 UTC
019daf80-5121-7a2d-9927-f37b4655e840,019daf80-511a-735f-99e2-366cc99254e1,credit,high_spender,9342.351489761091,2026-04-21 10:05:15 +0000 UTC
019daf80-5121-7a39-a5db-d191c44f53ca,019daf80-511a-7363-9a08-d3e7af8a4f67,current,low_spender,2749.099674256002,2026-04-21 10:05:15 +0000 UTC
019daf80-5121-7a4c-8e99-e8bf8fa6a8aa,019daf80-511a-736b-8c5c-6d4584281c4f,savings,normal,4140.708016469547,2026-04-21 10:05:15 +0000 UTC
019daf80-5121-7a58-9645-e096c9423b67,019daf80-511a-737a-ada2-6724bd219961,credit,high_spender,1431.0649653023922,2026-04-21 10:05:15 +0000 UTC
019daf80-5121-7a60-9cca-9cb58ac28894,019daf80-511a-737e-be2a-0821b4663e3c,current,low_spender,557.1661727386157,2026-04-21 10:05:15 +0000 UTC
019daf80-5121-7a6b-8758-1ae1de58d7ba,019daf80-511a-7386-931c-bd1457cd557b,savings,normal,4110.718034567567,2026-04-21 10:05:15 +0000 UTC
019daf80-5121-7a73-8587-1abb13138474,019daf80-511a-738e-a2dc-3b105e25d2ea,credit,high_spender,5167.410231176735,2026-04-21 10:05:15 +0000 UTC
019daf80-5121-7a7f-89fb-38dc156143c3,019daf80-511a-7392-b2e6-76b95436b495,current,low_spender,5467.983820915311,2026-04-21 10:05:15 +0000 UTC
019daf80-5121-7a8f-82de-472a24951714,019daf80-511a-7399-89dd-a702380a02f8,savings,normal,182.02936904915367,2026-04-21 10:05:15 +0000 UTC
019daf80-5121-7a9a-bda7-fb275220d390,019daf80-511a-73a1-b691-ecf49729279f,credit,high_spender,1678.071591652558,2026-04-21 10:05:15 +0000 UTC
019daf80-5121-7aa2-9714-a0a6b4b02171,019daf80-511a-73a9-b1c4-970c79dede22,current,low_spender,148.8567777666039,2026-04-21 10:05:15 +0000 UTC
019daf80-5121-7aae-b946-2ae1de14417b,019daf80-511a-73b1-81ee-2da5b0cf8b20,savings,normal,3353.1336647309663,2026-04-21 10:05:15 +0000 UTC
019daf80-5121-7ab6-be23-76cae31e9e20,019daf80-511a-73b9-b047-15b0103f7532,credit,high_spender,2238.750456893361,2026-04-21 10:05:15 +0000 UTC
019daf80-5121-7ac1-a9fe-e013fea25540,019daf80-511a-73c0-a70d-f4d261a0c619,current,low_spender,2766.9392273151307,2026-04-21 10:05:15 +0000 UTC
019daf80-5121-7acd-a53f-0c0aff29eb67,019daf80-511a-73c4-b9a3-5e3068c8eb81,savings,normal,6391.144170358842,2026-04-21 10:05:15 +0000 UTC
019daf80-5121-7ad5-a714-f4934d6b9d48,019daf80-511a-73cc-a307-60dd6d4758e4,credit,high_spender,7913.304827115957,2026-04-21 10:05:15 +0000 UTC
019daf80-5121-7ae1-8fe2-7c38e5934488,019daf80-511a-73d4-9963-a1ef1dfcb5ac,current,low_spender,5237.536229911865,2026-04-21 10:05:15 +0000 UTC
019daf80-5121-7aec-a5ce-3bfa10d61156,019daf80-511a-73dc-84d9-65a7372b6ea4,savings,normal,3836.5522729673107,2026-04-21 10:05:15 +0000 UTC
019daf80-5121-7af8-a5be-ddb2e5c12778,019daf80-511a-73ef-8b61-df811621eb6d,credit,high_spender,9085.602708709024,2026-04-21 10:05:15 +0000 UTC
019daf80-5121-7b00-8b8b-0e84d20f94e2,019daf80-511a-73f7-9535-2e714eafa4a3,current,low_spender,6494.201932060062,2026-04-21 10:05:15 +0000 UTC
019daf80-5121-7b0c-a7b6-8c5ceb8b64f5,019daf80-511a-73ff-9c0b-8b65263bfdc3,savings,normal,9929.44985447698,2026-04-21 10:05:15 +0000 UTC
019daf80-5121-7b13-873c-6fb2ecac7d95,019daf80-511a-7403-ae3f-50a66249cfec,credit,high_spender,9463.78203606128,2026-04-21 10:05:15 +0000 UTC
019daf80-5121-7b1f-b276-9f48670d5e54,019daf80-511a-740b-834c-31ba35975e3b,current,low_spender,1955.4226441173516,2026-04-21 10:05:15 +0000 UTC
019daf80-5121-7b2b-a55d-ecc380e7f9e3,019daf80-511a-7412-97bc-ba248fb56ac3,savings,normal,2439.4843618863415,2026-04-21 10:05:15 +0000 UTC
019daf80-5121-7b33-a1b7-5520983db08f,019daf80-511a-7416-b957-95282e4802eb,credit,high_spender,9483.616858199548,2026-04-21 10:05:15 +0000 UTC
019daf80-5121-7b3e-b5a3-6da779fc193a,019daf80-511a-741e-bbcc-a39d97f54068,current,low_spender,4214.17632259627,2026-04-21 10:05:15 +0000 UTC
019daf80-5121-7b46-bfde-a1a97945ef1b,019daf80-511a-7426-8b92-5d9d5278a323,savings,normal,7644.323179720267,2026-04-21 10:05:15 +0000 UTC
019daf80-5121-7b56-9fcd-be1b6cd5ed3b,019daf80-511a-742e-b510-836c391d619a,credit,high_spender,3987.3136696131796,2026-04-21 10:05:15 +0000 UTC
019daf80-5121-7b62-8ef7-1d4cdc1b7880,019daf80-511a-7432-a828-d5619d8e28e7,current,low_spender,8905.675040339149,2026-04-21 10:05:15 +0000 UTC
019daf80-5121-7b69-9aee-e7f3c3718981,019daf80-511a-743a-9336-9a209eaed4b8,savings,normal,2565.7982810141834,2026-04-21 10:05:15 +0000 UTC
019daf80-5121-7b75-a3a7-736a413bc76e,019daf80-511a-7449-ba78-bcb37f868691,credit,high_spender,3061.4100041713264,2026-04-21 10:05:15 +0000 UTC
019daf80-5121-7b81-abd1-27fe614c9bd1,019daf80-511a-7451-8dc3-788c928a314a,current,low_spender,1174.322469815241,2026-04-21 10:05:15 +0000 UTC
019daf80-5121-7b8d-a29d-1029119c065a,019daf80-511a-7459-b3c3-63c2aac84739,savings,normal,2759.4667956902185,2026-04-21 10:05:15 +0000 UTC
019daf80-5121-7b94-8d42-4d409d6978e9,019daf80-511a-745d-81f1-cc1097672a7e,credit,high_spender,957.0336746059999,2026-04-21 10:05:15 +0000 UTC
019daf80-5121-7ba0-9cfb-5d13e9784991,019daf80-511a-7465-abf7-5c6ddde871c2,current,low_spender,9164.268756250924,2026-04-21 10:05:15 +0000 UTC
019daf80-5121-7bac-95d9-21b79bc48134,019daf80-511a-746c-9320-a62bb8cd4cfa,savings,normal,3267.5528383288483,2026-04-21 10:05:15 +0000 UTC
019daf80-5121-7bb8-88bb-df0fe2f16df9,019daf80-511a-7470-9c9d-f6d505c3bffc,credit,high_spender,4745.277502262401,2026-04-21 10:05:15 +0000 UTC
019daf80-5121-7bc3-a86e-b15d3f878165,019daf80-511a-7478-b8d2-a9d38cbe127e,current,low_spender,2287.2766601704884,2026-04-21 10:05:15 +0000 UTC
019daf80-5121-7bcb-aeb8-3bcaf0bd0d65,019daf80-511a-7480-b232-efd614579cb9,savings,normal,177.58226482186558,2026-04-21 10:05:15 +0000 UTC
019daf80-5121-7bd7-9130-7c2280b93d5c,019daf80-511a-7488-b019-1de15305df79,credit,high_spender,5443.765150226939,2026-04-21 10:05:15 +0000 UTC
019daf80-5121-7bdf-aa36-1dd4ff93f08d,019daf80-511a-748c-9a56-a28a235492d2,current,low_spender,3032.2944919908114,2026-04-21 10:05:15 +0000 UTC
019daf80-5121-7bea-9994-561dc065574d,019daf80-511a-7493-a51d-ab91d1b799d5,savings,normal,123.40092406536274,2026-04-21 10:05:15 +0000 UTC
019daf80-5121-7bf6-9cd8-0fcf820cabfa,019daf80-511a-749b-85a1-b3e767579e67,credit,high_spender,2275.980522581716,2026-04-21 10:05:15 +0000 UTC
019daf80-5121-7bfe-974e-9b3954ff7bee,019daf80-511a-749f-a84f-7f8521c04146,current,low_spender,4627.251435882852,2026-04-21 10:05:15 +0000 UTC
019daf80-5121-7c0a-8022-d04437c19612,019daf80-511a-74af-b575-3ce6480826ab,savings,normal,2030.774653482162,2026-04-21 10:05:15 +0000 UTC
019daf80-5121-7c15-b639-a5268ee993be,019daf80-511a-74b7-993b-b2fd491f3556,credit,high_spender,9850.82609674261,2026-04-21 10:05:15 +0000 UTC
019daf80-5121-7c21-a71c-fcdc8f04deeb,019daf80-511a-74be-a99a-de64e29cbb21,current,low_spender,7242.713128786416,2026-04-21 10:05:15 +0000 UTC
019daf80-5121-7c2d-80be-d4799964b085,019daf80-511a-74c6-8fea-0b0ca9ae385a,savings,normal,3144.4853377755553,2026-04-21 10:05:15 +0000 UTC
019daf80-5121-7c38-96b5-bd2b439708de,019daf80-511a-74ce-aada-6b144a3054aa,credit,high_spender,7323.979952339198,2026-04-21 10:05:15 +0000 UTC
019daf80-5121-7c40-9ab1-535f227ec093,019daf80-511a-74d2-84b1-dd7ef1a727c9,current,low_spender,2979.5817653158947,2026-04-21 10:05:15 +0000 UTC
019daf80-5121-7c4c-85d2-9c35bfdf5d8a,019daf80-511a-74da-b9d4-014164888290,savings,normal,3228.4456498282325,2026-04-21 10:05:15 +0000 UTC
019daf80-5121-7c54-8860-1b7752f76f5d,019daf80-511a-74e2-aa25-175aebe74cd5,credit,high_spender,7524.9150203587005,2026-04-21 10:05:15 +0000 UTC
019daf80-5121-7c5f-b6a9-ce2a63594a67,019daf80-511a-74e9-b552-194e5085445b,current,low_spender,3379.314471194379,2026-04-21 10:05:15 +0000 UTC
019daf80-5121-7c6b-abae-99fb0db2cc11,019daf80-511a-74ed-ab0b-642095a3f806,savings,normal,8047.062895696775,2026-04-21 10:05:15 +0000 UTC
019daf80-5121-7c73-8eff-97b786ecc9ac,019daf80-511a-74f5-b263-41879929d0cc,credit,high_spender,4286.270228487101,2026-04-21 10:05:15 +0000 UTC
019daf80-5121-7c7f-9c80-c0e1ba3df0d7,019daf80-511a-74fd-b122-75142bdc7358,current,low_spender,5939.950789659202,2026-04-21 10:05:15 +0000 UTC
019daf80-5121-7c87-a06d-65b4c172dd19,019daf80-511a-7501-98f2-57ecee839069,savings,normal,2441.0087215647304,2026-04-21 10:05:15 +0000 UTC
019daf80-5121-7c92-a781-8e998138c46e,019daf80-511a-7510-9f31-a1032fe8bcb0,credit,high_spender,8465.707810673599,2026-04-21 10:05:15 +0000 UTC
019daf80-5121-7c9e-b481-e7f1b1899dc2,019daf80-511a-7518-9eb4-0f100be7df52,current,low_spender,7256.754151998454,2026-04-21 10:05:15 +0000 UTC
019daf80-5121-7caa-a4da-3b30dc6129d6,019daf80-511a-751c-8da5-8cf8bd56c461,savings,normal,2167.260002867041,2026-04-21 10:05:15 +0000 UTC
019daf80-5121-7cb2-bc5c-8629da82ac7a,019daf80-511a-7524-a5e2-39a46988b9ab,credit,high_spender,5347.746634223131,2026-04-21 10:05:15 +0000 UTC
019daf80-5121-7cbd-acb4-84ec4c195a17,019daf80-511a-752c-887e-03e9a927e6e4,current,low_spender,1341.3315583972508,2026-04-21 10:05:15 +0000 UTC
019daf80-5121-7cc5-ab59-057fc35296ff,019daf80-511a-7530-b62d-130f1e1ecd33,savings,normal,8854.812350449096,2026-04-21 10:05:15 +0000 UTC
019daf80-5121-7cd1-aa58-7b2b4b368c7c,019daf80-511a-7537-8446-762d203061c7,credit,high_spender,2244.636416626761,2026-04-21 10:05:15 +0000 UTC
019daf80-5121-7cdc-8d6d-ed4313b2d805,019daf80-511a-753f-9798-5a1cdd9ea52d,current,low_spender,4587.428347482162,2026-04-21 10:05:15 +0000 UTC
019daf80-5121-7ce8-855c-4d5dab522de8,019daf80-511a-7553-a92f-0dc2a952be0c,savings,normal,9831.436983675174,2026-04-21 10:05:15 +0000 UTC
019daf80-5121-7cf0-8090-76b2c5413450,019daf80-511a-755b-9595-8f58a698f2d5,credit,high_spender,8499.004747272751,2026-04-21 10:05:15 +0000 UTC
019daf80-5121-7cfc-b897-e33403cf932f,019daf80-511a-755f-afed-2e31771cd537,current,low_spender,8128.457300348604,2026-04-21 10:05:15 +0000 UTC
019daf80-5121-7d04-8fe5-33f5bf28eddf,019daf80-511a-7566-ac22-994d0adf852f,savings,normal,3613.3628505791803,2026-04-21 10:05:15 +0000 UTC
019daf80-5121-7d0f-9ae5-efb2c5247fb4,019daf80-511a-756e-b3b3-41a2bce054e6,credit,high_spender,781.9649862841599,2026-04-21 10:05:15 +0000 UTC
019daf80-5121-7d1b-9120-9bb51458eeac,019daf80-511a-7576-9d9e-37cb80aeb0bb,current,low_spender,4208.031491498211,2026-04-21 10:05:15 +0000 UTC
019daf80-5121-7d27-9f23-1243c937af97,019daf80-511a-757a-8e32-ccca6ad53755,savings,normal,869.2455229862045,2026-04-21 10:05:15 +0000 UTC
019daf80-5121-7d32-8a57-7f4a3d06e2f2,019daf80-511a-7582-8860-b9bab6578547,credit,high_spender,434.623176024449,2026-04-21 10:05:15 +0000 UTC
019daf80-5121-7d3a-b20e-2aafe780c7b3,019daf80-511a-7589-a6ca-a0d62ee7cb02,current,low_spender,6921.009405627398,2026-04-21 10:05:15 +0000 UTC
019daf80-5121-7d46-84f1-ee100d22f817,019daf80-511a-7591-97a8-ad02ecb7aa17,savings,normal,6877.349561086584,2026-04-21 10:05:15 +0000 UTC
019daf80-5121-7d4e-b2f1-be8bb2c10ee0,019daf80-511a-7599-b51e-ba2c9162e783,credit,high_spender,9070.8658286395,2026-04-21 10:05:15 +0000 UTC
019daf80-5121-7d59-85f6-2151c86ff7a4,019daf80-511a-759d-adc7-6b2cb1c39dc9,current,low_spender,1803.7270328845711,2026-04-21 10:05:15 +0000 UTC
019daf80-5121-7d65-9e51-a93658d1fc86,019daf80-511a-75a5-81a9-f12a19f6d367,savings,normal,7213.561134825715,2026-04-21 10:05:15 +0000 UTC
019daf80-5121-7d6d-a7a3-555fa2765a1d,019daf80-511a-75b4-9bd8-73cc42735c87,credit,high_spender,147.3431101883943,2026-04-21 10:05:15 +0000 UTC
019daf80-5121-7d79-ab4e-54a86c87b571,019daf80-511a-75b8-807c-53746453047b,current,low_spender,7964.478126154159,2026-04-21 10:05:15 +0000 UTC
019daf80-5121-7d81-82f0-8a544f7193a1,019daf80-511a-75c0-b26a-7f45e3f28869,savings,normal,9432.162332856333,2026-04-21 10:05:15 +0000 UTC
019daf80-5121-7d8c-a786-927034ab8c9f,019daf80-511a-75c8-aefa-7defc71d51b8,credit,high_spender,8307.542740707184,2026-04-21 10:05:15 +0000 UTC
019daf80-5121-7d98-bfae-2d28facc642b,019daf80-511a-75d0-8f58-75fe750a99a8,current,low_spender,3803.039341801611,2026-04-21 10:05:15 +0000 UTC
019daf80-5121-7da0-85ca-3ea1398a309d,019daf80-511a-75d4-a59d-5b6d330a4d00,savings,normal,2722.5294789534514,2026-04-21 10:05:15 +0000 UTC
019daf80-5121-7dac-a4c4-70a41becf5f2,019daf80-511a-75e7-9751-b1c3c07554d9,credit,high_spender,393.46055452489037,2026-04-21 10:05:15 +0000 UTC
019daf80-5121-7db7-a520-fa7529cb3ae0,019daf80-511a-75ef-9af1-118d05340974,current,low_spender,5734.946720885141,2026-04-21 10:05:15 +0000 UTC
019daf80-5121-7dc3-bdf6-6a224751049f,019daf80-511a-75f3-a2a1-717613b5baa6,savings,normal,3670.590777751071,2026-04-21 10:05:15 +0000 UTC
019daf80-5121-7dcb-8e2f-25b21f1d52e0,019daf80-511a-75fb-b12a-3338639c4ab7,credit,high_spender,5005.056948149463,2026-04-21 10:05:15 +0000 UTC
019daf80-5121-7dd6-9ea4-c8c536864fe4,019daf80-511a-7603-a40c-6f12327d2a70,current,low_spender,4473.462865320478,2026-04-21 10:05:15 +0000 UTC
019daf80-5121-7dde-b36e-60a010fd6ed1,019daf80-511a-760a-874a-bf14179ca437,savings,normal,689.9270503127036,2026-04-21 10:05:15 +0000 UTC
019daf80-5121-7dea-9760-804a30f318c4,019daf80-511a-760e-b8a6-22b687dbc192,credit,high_spender,6349.728399450718,2026-04-21 10:05:15 +0000 UTC
019daf80-5121-7df6-8291-6c6c1acb1368,019daf80-511a-7616-a6ef-999db54262f7,current,low_spender,179.16911944085123,2026-04-21 10:05:15 +0000 UTC
019daf80-5121-7dfe-a45e-669e4eb87128,019daf80-511a-761e-87a9-7ddb0d1dbce2,savings,normal,8966.252979318018,2026-04-21 10:05:15 +0000 UTC
019daf80-5121-7e09-8dcc-60d6493ba3a9,019daf80-511a-7626-afa2-e87a40ce63cc,credit,high_spender,7523.329996966588,2026-04-21 10:05:15 +0000 UTC
019daf80-5121-7e15-b5b3-807e3125325f,019daf80-511a-762e-b4f8-2df96d39208f,current,low_spender,8948.167220168849,2026-04-21 10:05:15 +0000 UTC
019daf80-5121-7e1d-ab36-b6311af38c6d,019daf80-511a-7635-a666-35a4cb33c880,savings,normal,7644.8781515477485,2026-04-21 10:05:15 +0000 UTC
019daf80-5121-7e29-a47b-07b31e7bed4e,019daf80-511a-763d-9cc7-1b87aa37be65,credit,high_spender,758.3429344194126,2026-04-21 10:05:15 +0000 UTC
019daf80-5121-7e34-9e9f-16cc2186ee19,019daf80-511a-7641-a326-c7027a224bed,current,low_spender,515.8697493318542,2026-04-21 10:05:15 +0000 UTC
019daf80-5121-7e40-b9f6-a84f11c43e84,019daf80-511a-7649-b6b6-9a77b8a88d03,savings,normal,6084.247502397233,2026-04-21 10:05:15 +0000 UTC
019daf80-5121-7e48-a364-b56e2e382a9e,019daf80-511a-7651-a037-8d9cfc1d6400,credit,high_spender,462.3866132316673,2026-04-21 10:05:15 +0000 UTC
019daf80-5121-7e53-9c19-1091f0e05589,019daf80-511a-7659-8afa-7698f9953d89,current,low_spender,7525.128140232299,2026-04-21 10:05:15 +0000 UTC
019daf80-5121-7e5f-9058-69ab9f4528f8,019daf80-511a-7664-9a55-97e9d9fb56d2,savings,normal,5957.955692554439,2026-04-21 10:05:15 +0000 UTC
019daf80-5121-7e67-aac1-88d03310be2c,019daf80-511a-7674-a88e-d8d33ae0355d,credit,high_spender,3452.90089835535,2026-04-21 10:05:15 +0000 UTC
019daf80-5121-7e73-802b-bd2d871d7043,019daf80-511a-767c-86c2-0b043ca32e41,current,low_spender,3842.6479165561022,2026-04-21 10:05:15 +0000 UTC
019daf80-5121-7e7e-89f8-819402d0b933,019daf80-511a-7680-93aa-fd76b690be06,savings,normal,880.788855129655,2026-04-21 10:05:15 +0000 UTC
019daf80-5121-7e86-8b9c-c4c233cf67c5,019daf80-511a-7687-966a-14a20a79ec66,credit,high_spender,5146.523706161371,2026-04-21 10:05:15 +0000 UTC
019daf80-5121-7e92-80e2-9f62e2c0936c,019daf80-511a-768f-81d9-eaffea909888,current,low_spender,5942.184394897668,2026-04-21 10:05:15 +0000 UTC
019daf80-5121-7e9a-af6a-be9f10931753,019daf80-511a-7697-924f-385ee5e8aa79,savings,normal,9061.741404376968,2026-04-21 10:05:15 +0000 UTC
019daf80-5121-7ea6-a1cf-7520ddf1f111,019daf80-511a-769f-99da-e65931626f85,credit,high_spender,8801.174526886616,2026-04-21 10:05:15 +0000 UTC
019daf80-5121-7eb1-b9c4-f6dfda416051,019daf80-511a-76a3-aeae-7e6ece391a58,current,low_spender,1916.5152250082108,2026-04-21 10:05:15 +0000 UTC
019daf80-5121-7eb9-b273-5c36a16adbbc,019daf80-511a-76ab-b245-66f785ad807d,savings,normal,210.57120352982184,2026-04-21 10:05:15 +0000 UTC
019daf80-5121-7ec5-a58b-148932f5e59e,019daf80-511a-76b2-b236-2606f2879bbd,credit,high_spender,3786.4777017469946,2026-04-21 10:05:15 +0000 UTC
019daf80-5121-7ed0-8286-240e03241690,019daf80-511a-76ba-bcb8-840d2a877f71,current,low_spender,6673.102316454759,2026-04-21 10:05:15 +0000 UTC
019daf80-5121-7edc-a8f7-eeb189f310b9,019daf80-511a-76c2-a420-8ba991652bdc,savings,normal,7790.040975490493,2026-04-21 10:05:15 +0000 UTC
019daf80-5121-7ee4-a597-f2d411d2a428,019daf80-511a-76ca-92e6-2d564fb67aa1,credit,high_spender,8485.61673061943,2026-04-21 10:05:15 +0000 UTC
019daf80-5121-7ef0-84d5-3f5926d69836,019daf80-511a-76ce-a883-ad2f4bc85895,current,low_spender,379.4596766558078,2026-04-21 10:05:15 +0000 UTC
019daf80-5121-7efb-95e6-7dd77eda3522,019daf80-511a-76d6-ac59-30ad21df3d43,savings,normal,3158.2421753193403,2026-04-21 10:05:15 +0000 UTC
019daf80-5121-7f03-bcd3-cff2b52a3c50,019daf80-511a-76dd-86be-4b9c52d260ea,credit,high_spender,8373.120915230942,2026-04-21 10:05:15 +0000 UTC
019daf80-5121-7f0f-a874-37762cc765f5,019daf80-511a-76e1-8c3a-2c067b41e1c4,current,low_spender,4813.413628882013,2026-04-21 10:05:15 +0000 UTC
019daf80-5121-7f17-a25f-36bf767f5ed8,019daf80-511a-76e9-b62e-e9410ae67b2f,savings,normal,6568.856300710087,2026-04-21 10:05:15 +0000 UTC
019daf80-5121-7f23-8a3b-d5bc979de32b,019daf80-511a-76f9-84e8-32b1da6fc2db,credit,high_spender,9654.167168139651,2026-04-21 10:05:15 +0000 UTC
019daf80-5121-7f2a-bc86-d30a09ff90ae,019daf80-511a-7700-a64f-2cc554c39a8b,current,low_spender,9525.615469063485,2026-04-21 10:05:15 +0000 UTC
019daf80-5121-7f36-b578-a865b5fd0f27,019daf80-511a-7708-a6bb-26a112ddc825,savings,normal,4934.193430054265,2026-04-21 10:05:15 +0000 UTC
019daf80-5122-7000-9868-1cd69a317e90,019daf80-511a-770c-8b7b-e914be43421f,credit,high_spender,9469.31311147957,2026-04-21 10:05:15 +0000 UTC
019daf80-5122-7007-8706-421c11e1eb06,019daf80-511a-7714-ba7c-be7f80f6f1e0,current,low_spender,420.7191990511239,2026-04-21 10:05:15 +0000 UTC
019daf80-5122-7013-b0cb-b3cd1211c49e,019daf80-511a-771c-9398-e77b2b3c83de,savings,normal,4690.4493206797615,2026-04-21 10:05:15 +0000 UTC
019daf80-5122-701f-adc3-5c1c10c3b3c4,019daf80-511a-7724-b93e-f8d844091ae0,credit,high_spender,5530.5159312879105,2026-04-21 10:05:15 +0000 UTC
019daf80-5122-702a-8023-d80fd4cadd7b,019daf80-511a-7728-b163-1b3c29286c18,current,low_spender,1821.9094659600382,2026-04-21 10:05:15 +0000 UTC
019daf80-5122-7032-8750-512da76b35d2,019daf80-511a-7737-9177-21ea95a2ca21,savings,normal,377.10574494171203,2026-04-21 10:05:15 +0000 UTC
019daf80-5122-703e-a96c-16b7c16cd2e2,019daf80-511a-773f-8b4a-db1ee8f9f54b,credit,high_spender,4846.542958380574,2026-04-21 10:05:15 +0000 UTC
019daf80-5122-7046-b52c-a0f7467d688e,019daf80-511a-7743-94e5-8aa437000fbd,current,low_spender,5677.691387654517,2026-04-21 10:05:15 +0000 UTC
019daf80-5122-7052-9362-037310f14908,019daf80-511a-774b-a39b-bd0b0c2c2d71,savings,normal,9464.05804780533,2026-04-21 10:05:15 +0000 UTC
019daf80-5122-7059-811c-dfa611b26f9b,019daf80-511a-7753-9fd2-a6f60a6e7f19,credit,high_spender,912.3103707848168,2026-04-21 10:05:15 +0000 UTC
019daf80-5122-7065-b3fa-d51cf31ff139,019daf80-511a-775a-b61c-e5fdabea1824,current,low_spender,54.29731824044048,2026-04-21 10:05:15 +0000 UTC
019daf80-5122-706d-bf2d-bf6a24cd1d13,019daf80-511a-775e-951c-50cbd6cba454,savings,normal,2340.1101890920463,2026-04-21 10:05:15 +0000 UTC
019daf80-5122-7079-bdc7-602ba0e6d0f7,019daf80-511a-7766-8306-0b367ee9995c,credit,high_spender,8548.162538500115,2026-04-21 10:05:15 +0000 UTC
019daf80-5122-7084-9b35-9f5c175561ea,019daf80-511a-776e-87e6-b2add531d486,current,low_spender,6.940841782576701,2026-04-21 10:05:15 +0000 UTC
019daf80-5122-7090-88c5-84d1d4d83e8c,019daf80-511a-7772-b390-a9128a2b3f45,savings,normal,1516.400160904543,2026-04-21 10:05:15 +0000 UTC
019daf80-5122-709c-bd5e-dd7a135c6f2a,019daf80-511a-777d-9200-a485f3679eec,credit,high_spender,5870.089218674722,2026-04-21 10:05:15 +0000 UTC
019daf80-5122-70a4-af7a-06ab1a746ead,019daf80-511a-7781-a64e-18e3596b03d9,current,low_spender,5131.931578426387,2026-04-21 10:05:15 +0000 UTC
019daf80-5122-70af-b497-b78c5c7e84f2,019daf80-511a-7789-8571-604aecc64dc0,savings,normal,5729.824295178446,2026-04-21 10:05:15 +0000 UTC
019daf80-5122-70b7-9ae2-3f940dd4126c,019daf80-511a-7791-b6dd-33085720ac54,credit,high_spender,9472.765927232218,2026-04-21 10:05:15 +0000 UTC
019daf80-5122-70c3-8253-ee18339ac3c4,019daf80-511a-7799-8e31-d2b5402c8744,current,low_spender,1326.99231828733,2026-04-21 10:05:15 +0000 UTC
019daf80-5122-70cb-986b-139615840e2a,019daf80-511a-779d-a3b6-c3d0c6dcfe24,savings,normal,1464.510791451476,2026-04-21 10:05:15 +0000 UTC
019daf80-5122-70d6-81b3-07a04b67e3c4,019daf80-511a-77a5-95d9-a3b865955478,credit,high_spender,5812.164894954533,2026-04-21 10:05:15 +0000 UTC
019daf80-5122-70de-814e-28416c16a9ee,019daf80-511a-77b0-8eda-06cfbfcb2304,current,low_spender,1343.5127436551008,2026-04-21 10:05:15 +0000 UTC
019daf80-5122-70ea-ac7a-1ece14e5097b,019daf80-511a-77b8-a320-613603b9f3d8,savings,normal,2182.2258531834714,2026-04-21 10:05:15 +0000 UTC
019daf80-5122-70f6-9e7b-effb21e871c2,019daf80-511a-77c0-b221-b19caf5f5a90,credit,high_spender,5948.953598741824,2026-04-21 10:05:15 +0000 UTC
019daf80-5122-70fd-9a39-58a7e5a2bdb6,019daf80-511a-77c8-8a76-adbd56a24b4f,current,low_spender,8530.798225573995,2026-04-21 10:05:15 +0000 UTC
019daf80-5122-7109-9a87-e5ed30205a3d,019daf80-511a-77cc-8285-904fcfe1ac68,savings,normal,258.96653788247403,2026-04-21 10:05:15 +0000 UTC
019daf80-5122-7115-92aa-fa177c907ea2,019daf80-511a-77d3-928e-2c5c85421d5b,credit,high_spender,8755.60158143,2026-04-21 10:05:15 +0000 UTC
019daf80-5122-7121-8753-0d322e8d095e,019daf80-511a-77db-b620-08798cc33a60,current,low_spender,2034.2314822391684,2026-04-21 10:05:15 +0000 UTC
019daf80-5122-712c-9d33-8fd77b375c8e,019daf80-511a-77e3-9064-0ae7362a7612,savings,normal,1179.049229454734,2026-04-21 10:05:15 +0000 UTC
019daf80-5122-7134-bd1e-02437007fd09,019daf80-511a-77e7-9226-86a5df4c5f08,credit,high_spender,5184.8707972956845,2026-04-21 10:05:15 +0000 UTC
019daf80-5122-7140-95c9-8acb7c60ebad,019daf80-511a-77ef-b45d-5046cb33a008,current,low_spender,7223.264703658186,2026-04-21 10:05:15 +0000 UTC
019daf80-5122-714c-9111-d140f1f8d64a,019daf80-511a-77f7-93ff-caaad13f2923,savings,normal,6894.373715865118,2026-04-21 10:05:15 +0000 UTC
019daf80-5122-7157-8665-71af528227a9,019daf80-511a-7806-89a8-a66d1d214f75,credit,high_spender,3211.9560096839473,2026-04-21 10:05:15 +0000 UTC
019daf80-5122-7163-b8c3-b8331b2c2fd3,019daf80-511a-780e-8cba-2e5b3d04b821,current,low_spender,2155.336858928119,2026-04-21 10:05:15 +0000 UTC
019daf80-5122-716b-b75f-ca9f56516c23,019daf80-511a-7812-a7a4-4483b1322252,savings,normal,5445.487896913275,2026-04-21 10:05:15 +0000 UTC
019daf80-5122-7177-8446-2aad3a6598b7,019daf80-511a-781a-b578-1d378ef94f09,credit,high_spender,964.932896828184,2026-04-21 10:05:15 +0000 UTC
019daf80-5122-717e-be46-1b4a2945ba2c,019daf80-511a-7822-b471-0afb7364df21,current,low_spender,8384.588614922633,2026-04-21 10:05:15 +0000 UTC
019daf80-5122-718a-8c47-e40d6c2ac0f0,019daf80-511a-7829-ab55-f62d7d7e36d4,savings,normal,9911.63872630249,2026-04-21 10:05:15 +0000 UTC
019daf80-5122-7192-acc9-a10941207cde,019daf80-511a-782d-a1fc-934635b08f0a,credit,high_spender,4741.010907260967,2026-04-21 10:05:15 +0000 UTC
019daf80-5122-719e-b6ba-973c1007e7e5,019daf80-511a-7835-aa5d-8d5d791da5b9,current,low_spender,5460.7962236422445,2026-04-21 10:05:15 +0000 UTC
019daf80-5122-71a9-8f39-324d39f1d5e4,019daf80-511a-783d-a7bb-88eee0e9b7f8,savings,normal,7254.84394455359,2026-04-21 10:05:15 +0000 UTC
019daf80-5122-71b5-9357-14adc339abbe,019daf80-511a-7845-8d0e-b0234743d1c8,credit,high_spender,4787.252094935699,2026-04-21 10:05:15 +0000 UTC
019daf80-5122-71bd-8994-4cd2d6b156d6,019daf80-511a-784d-b2bc-383ea10bdbbf,current,low_spender,2738.3198808651373,2026-04-21 10:05:15 +0000 UTC
019daf80-5122-71c9-ba52-ce37837f1e42,019daf80-511a-7850-b708-a1afb42b9fd2,savings,normal,4458.364769001505,2026-04-21 10:05:15 +0000 UTC
019daf80-5122-71d0-b550-4789ccdd94f1,019daf80-511a-7858-8b51-bc9bf1df5989,credit,high_spender,4181.524301380325,2026-04-21 10:05:15 +0000 UTC
019daf80-5122-71dc-b871-6449fcb28c15,019daf80-511a-7860-9d22-54625902e366,current,low_spender,750.4002584514196,2026-04-21 10:05:15 +0000 UTC
019daf80-5122-71e8-bba7-cb13d5d2ff94,019daf80-511a-7868-a505-bf296538f499,savings,normal,2055.209685978516,2026-04-21 10:05:15 +0000 UTC
019daf80-5122-71f0-b406-4814912729c6,019daf80-511a-786c-9e1b-53853e30f149,credit,high_spender,3894.9117084991562,2026-04-21 10:05:15 +0000 UTC
019daf80-5122-71fb-b461-007caa5ec7f6,019daf80-511a-7874-8c19-5d1d6aeb05b7,current,low_spender,1760.80003172516,2026-04-21 10:05:15 +0000 UTC
019daf80-5122-7203-945d-64ed3ba2d9df,019daf80-511a-787b-b9b0-0697d696fd30,savings,normal,1976.5806918736578,2026-04-21 10:05:15 +0000 UTC
019daf80-5122-720f-aed5-e12556701da2,019daf80-511a-7883-8d8b-a72116b7dc5d,credit,high_spender,3919.2120516306804,2026-04-21 10:05:15 +0000 UTC
019daf80-5122-7217-b375-8110e60cdff7,019daf80-511a-7887-844f-a7109469d24f,current,low_spender,9976.102787003188,2026-04-21 10:05:15 +0000 UTC
019daf80-5122-7222-9a44-700d82f034d0,019daf80-511a-788f-af3f-97148a454047,savings,normal,1941.8659566778263,2026-04-21 10:05:15 +0000 UTC
019daf80-5122-722a-ae0a-28b4169b500e,019daf80-511a-789b-b366-9eb222e58be3,credit,high_spender,6598.776459342615,2026-04-21 10:05:15 +0000 UTC
019daf80-5122-7236-98c2-fcde17e4aed8,019daf80-511a-78a2-9c2c-183bc89ef6db,current,low_spender,3470.6035600650166,2026-04-21 10:05:15 +0000 UTC
019daf80-5122-7242-85da-43d5fa0108bc,019daf80-511a-78aa-808d-6be6b9b16bae,savings,normal,7064.85605674749,2026-04-21 10:05:15 +0000 UTC
019daf80-5122-724d-a77c-fc9e7aa98cbc,019daf80-511a-78b2-a38a-da84e171c230,credit,high_spender,5052.254333116503,2026-04-21 10:05:15 +0000 UTC
019daf80-5122-7255-8f5e-f800f80717fc,019daf80-511a-78b6-910f-9c5f6021d4b8,current,low_spender,2509.4230125928384,2026-04-21 10:05:15 +0000 UTC
019daf80-5122-7261-9a7a-633162128892,019daf80-511a-78be-8fc1-537288bfafb0,savings,normal,7853.583054853328,2026-04-21 10:05:15 +0000 UTC
019daf80-5122-726d-8970-e7d7721dc786,019daf80-511a-78c6-b708-fe6a4ccc69a9,credit,high_spender,5729.235491075892,2026-04-21 10:05:15 +0000 UTC
019daf80-5122-7274-a1d2-becf3bc7f64d,019daf80-511a-78cd-9668-618ce5235555,current,low_spender,248.24846579763914,2026-04-21 10:05:15 +0000 UTC
019daf80-5122-7280-9c08-a33627c3450b,019daf80-511a-78d5-9fa5-dabb5346ccc6,savings,normal,1773.2713705293668,2026-04-21 10:05:15 +0000 UTC
019daf80-5122-7288-b3df-c1248c71a5b1,019daf80-511a-78e1-9909-69606b0f4928,credit,high_spender,5257.266244672855,2026-04-21 10:05:15 +0000 UTC
019daf80-5122-7294-b14f-68e7794d00da,019daf80-511a-78e9-b704-51e9696a7d81,current,low_spender,4754.898434081726,2026-04-21 10:05:15 +0000 UTC
019daf80-5122-729f-ac2d-ffd022e57d76,019daf80-511a-78ed-8d00-ab60bfae7e13,savings,normal,9244.036421142979,2026-04-21 10:05:15 +0000 UTC
019daf80-5122-72a7-a476-2e88e3665a35,019daf80-511a-78f4-999e-98242694c60a,credit,high_spender,7570.105218692339,2026-04-21 10:05:15 +0000 UTC
019daf80-5122-72b3-b966-042430ab805b,019daf80-511a-78fc-b477-6fd315d7a49d,current,low_spender,8668.069469288459,2026-04-21 10:05:15 +0000 UTC
019daf80-5122-72bb-8946-422a30645f4b,019daf80-511a-7904-bd2f-6287a97f97cc,savings,normal,8737.095798639135,2026-04-21 10:05:15 +0000 UTC
019daf80-5122-72ce-8774-c6b01517d1ce,019daf80-511a-790c-9a5f-6d07debfd233,credit,high_spender,8068.861633813595,2026-04-21 10:05:15 +0000 UTC
019daf80-5122-72da-a642-09d3ba563404,019daf80-511a-7914-b53c-dcc1c45d8f27,current,low_spender,7988.519454898676,2026-04-21 10:05:15 +0000 UTC
019daf80-5122-72e2-b457-75f86eb6b649,019daf80-511a-7918-88b5-2eaa2f195cab,savings,normal,4295.749216567343,2026-04-21 10:05:15 +0000 UTC
019daf80-5122-72ee-b4d2-e0df1fdd67c5,019daf80-511a-791f-ab81-b5af4e685fda,credit,high_spender,7152.334911034115,2026-04-21 10:05:15 +0000 UTC
019daf80-5122-72f9-9ef9-ec7cc594565b,019daf80-511a-7927-bb28-85e5c30dad0c,current,low_spender,5751.9840507190665,2026-04-21 10:05:15 +0000 UTC
019daf80-5122-7301-8867-74826a415363,019daf80-511a-792f-8525-48c5a2d4fde3,savings,normal,2207.115474516094,2026-04-21 10:05:15 +0000 UTC
019daf80-5122-730d-8c9e-f1e0ced45023,019daf80-511a-7933-a76c-5b21dc8fe61e,credit,high_spender,5893.235364451472,2026-04-21 10:05:15 +0000 UTC
019daf80-5122-7318-b02e-ee16afc3fa5e,019daf80-511a-793b-a0b4-8e8ee5631f3f,current,low_spender,1384.4959516164279,2026-04-21 10:05:15 +0000 UTC
019daf80-5122-7320-a041-abc2408ab6c0,019daf80-511a-7943-89d1-6e490d957561,savings,normal,4766.365206389015,2026-04-21 10:05:15 +0000 UTC
019daf80-5122-732c-b571-ba254ee05a1b,019daf80-511a-7947-b911-dd1980f354ef,credit,high_spender,6256.12447778915,2026-04-21 10:05:15 +0000 UTC
019daf80-5122-7334-a4e4-1d1826cec80f,019daf80-511a-794e-88ab-7680d0585858,current,low_spender,9138.581920832956,2026-04-21 10:05:15 +0000 UTC
019daf80-5122-7340-b2ad-ebc4354c38a2,019daf80-511a-7956-b1af-d4f04c09804c,savings,normal,8758.196400727998,2026-04-21 10:05:15 +0000 UTC
019daf80-5122-7347-aab4-34cfebc276ea,019daf80-511a-795e-8e1b-e10338106fff,credit,high_spender,9244.981869316689,2026-04-21 10:05:15 +0000 UTC
019daf80-5122-7353-b6e3-24784140738e,019daf80-511a-7962-8e8c-69e980681d62,current,low_spender,8098.45941469149,2026-04-21 10:05:15 +0000 UTC
019daf80-5122-735b-868e-c9a30e91d041,019daf80-511a-796a-ade0-e39f1d0eae20,savings,normal,5832.851122162687,2026-04-21 10:05:15 +0000 UTC
019daf80-5122-7367-8b79-3e6960bef335,019daf80-511a-7971-81eb-fd4f955dffea,credit,high_spender,4592.40589210297,2026-04-21 10:05:15 +0000 UTC
019daf80-5122-7372-ae09-33515ac10ac5,019daf80-511a-7975-9dac-617861ef08be,current,low_spender,7467.691213395329,2026-04-21 10:05:15 +0000 UTC
019daf80-5122-737a-ab75-03f123c67ca2,019daf80-511a-797d-8361-3b02a6d6bf66,savings,normal,7899.719758379987,2026-04-21 10:05:15 +0000 UTC
019daf80-5122-7386-9644-28e08f71a0fb,019daf80-511a-7985-8f02-0650ae669782,credit,high_spender,4311.451961680267,2026-04-21 10:05:15 +0000 UTC
019daf80-5122-73a9-ae63-6777dd2510b8,019daf80-511a-7995-98fa-5f8f7a17c80f,current,low_spender,3092.147681597207,2026-04-21 10:05:15 +0000 UTC
019daf80-5122-73b5-9494-3f91e1d90cd0,019daf80-511a-7999-ba1b-0d19691b46f6,savings,normal,3410.7507716047135,2026-04-21 10:05:15 +0000 UTC
019daf80-5122-73bd-ba02-357b216efd22,019daf80-511a-79a0-b5d0-aee0bbe44dfa,credit,high_spender,5763.49133435031,2026-04-21 10:05:15 +0000 UTC
019daf80-5122-73c8-9f3c-a4f82e115cf7,019daf80-511a-79a8-adc9-ac7efcf0fea8,current,low_spender,2288.499963815216,2026-04-21 10:05:15 +0000 UTC
019daf80-5122-73d0-84d4-7a40ab17916a,019daf80-511a-79b0-87a8-ecdc4203e7ab,savings,normal,2413.689401128709,2026-04-21 10:05:15 +0000 UTC
019daf80-5122-73dc-9c23-13b67b5d647b,019daf80-511a-79b4-94b3-4b5cd4207a0d,credit,high_spender,2397.5920780176143,2026-04-21 10:05:15 +0000 UTC
019daf80-5122-73e4-8db6-c94151fe5625,019daf80-511a-79bc-a09e-d7281b292b1f,current,low_spender,552.0291596438509,2026-04-21 10:05:15 +0000 UTC
019daf80-5122-73ef-867f-5518434dea26,019daf80-511a-79c4-9504-2b673cec4521,savings,normal,9137.725833606912,2026-04-21 10:05:15 +0000 UTC
019daf80-5122-73fb-ade6-82544095f5b4,019daf80-511a-79d3-aea3-186e76913b15,credit,high_spender,3432.930876686988,2026-04-21 10:05:15 +0000 UTC
019daf80-5122-7407-9ea4-7a405585a31f,019daf80-511a-79d7-8b4b-21057c381d50,current,low_spender,2185.392257787878,2026-04-21 10:05:15 +0000 UTC
019daf80-5122-740f-80ea-e0b948a2d77b,019daf80-511a-79df-8f71-a5e730096474,savings,normal,335.18602914411997,2026-04-21 10:05:15 +0000 UTC
019daf80-5122-741a-9fe2-3af1db71b647,019daf80-511a-79e7-ba2f-942edcce720f,credit,high_spender,2579.6478564835506,2026-04-21 10:05:15 +0000 UTC
019daf80-5122-7422-8b20-f988bd0f30f9,019daf80-511a-79eb-9fff-6f5074830e76,current,low_spender,3260.6801340104967,2026-04-21 10:05:15 +0000 UTC
019daf80-5122-742e-8edc-64d60feebfed,019daf80-511a-79f2-9e47-d558a11236b1,savings,normal,2385.4064226414516,2026-04-21 10:05:15 +0000 UTC
019daf80-5122-743a-aa52-c32f9a842c97,019daf80-511a-79fa-a1d7-96c6e94a4fc8,credit,high_spender,5532.463148325885,2026-04-21 10:05:15 +0000 UTC
019daf80-5122-7441-b596-077d067277c1,019daf80-511a-7a02-94a2-7217abf15226,current,low_spender,3072.4564587343784,2026-04-21 10:05:15 +0000 UTC
019daf80-5122-744d-9f15-f1b0502059fb,019daf80-511a-7a06-9582-19aff0bed99a,savings,normal,3384.4525063382584,2026-04-21 10:05:15 +0000 UTC
019daf80-5122-7459-a0d6-ebf468fd688b,019daf80-511a-7a19-b31e-8d8a3868efc6,credit,high_spender,8764.626977025633,2026-04-21 10:05:15 +0000 UTC
019daf80-5122-7461-8c57-98674e076b88,019daf80-511a-7a21-81f7-7962181da9e3,current,low_spender,9146.016131252365,2026-04-21 10:05:15 +0000 UTC
019daf80-5122-746c-ab0b-63303a32f6fe,019daf80-511a-7a25-a404-b0e626892c60,savings,normal,6457.945710518585,2026-04-21 10:05:15 +0000 UTC
019daf80-5122-7474-bf6e-9787b208d646,019daf80-511a-7a2d-882f-d768717365bd,credit,high_spender,5629.531072110116,2026-04-21 10:05:15 +0000 UTC
019daf80-5122-7480-9b4e-64205ede8c72,019daf80-511a-7a35-9f5a-14cc4e92e12d,current,low_spender,2712.7426494618294,2026-04-21 10:05:15 +0000 UTC
019daf80-5122-748c-8d5f-5a43f8d33ffe,019daf80-511a-7a39-88b9-a91c7907d4a3,savings,normal,4907.795344872137,2026-04-21 10:05:15 +0000 UTC
019daf80-5122-7493-bfe7-777c4c0d05cd,019daf80-511a-7a41-b124-8960329e393e,credit,high_spender,5297.795415730817,2026-04-21 10:05:15 +0000 UTC
019daf80-5122-749f-aea0-92d60386ef97,019daf80-511a-7a48-8837-d9e6f0c7b7cb,current,low_spender,1996.5161634137053,2026-04-21 10:05:15 +0000 UTC
019daf80-5122-74a7-8cc0-b502e00e4c1d,019daf80-511a-7a50-bac6-b192cbe6d122,savings,normal,112.19627941040532,2026-04-21 10:05:15 +0000 UTC
019daf80-5122-74b3-97ab-94bb2b436e1b,019daf80-511a-7a54-90a8-6152a5b916c2,credit,high_spender,4296.720491847271,2026-04-21 10:05:15 +0000 UTC
019daf80-5122-74be-bdce-8a1b80e09fee,019daf80-511a-7a64-9e8d-0e65ad574367,current,low_spender,1582.8200496029442,2026-04-21 10:05:15 +0000 UTC
019daf80-5122-74c6-8244-0744768b80ea,019daf80-511a-7a68-9366-360e1e20629d,savings,normal,7592.070279736439,2026-04-21 10:05:15 +0000 UTC
019daf80-5122-74d2-a6b4-27fccb85155d,019daf80-511a-7a6f-8a14-ce3d2d762129,credit,high_spender,7526.775327061124,2026-04-21 10:05:15 +0000 UTC
019daf80-5122-74da-a347-86ae578a7add,019daf80-511a-7a77-8d1a-cd1948e36862,current,low_spender,6474.532071730554,2026-04-21 10:05:15 +0000 UTC
019daf80-5122-74e5-9c2b-7061027f94bf,019daf80-511a-7a7f-8ad0-0ec6e56dec33,savings,normal,2704.4651083735944,2026-04-21 10:05:15 +0000 UTC
019daf80-5122-74ed-9361-f48c9d64819d,019daf80-511a-7a83-90f1-4ca9abfb3b9e,credit,high_spender,122.07462984601125,2026-04-21 10:05:15 +0000 UTC
019daf80-5122-74f9-8ba6-d673d291a4c2,019daf80-511a-7a8b-b7d1-125bd91bf712,current,low_spender,3150.422787085273,2026-04-21 10:05:15 +0000 UTC
019daf80-5122-7501-b395-6d7d524321e6,019daf80-511a-7a93-9807-350dc3101945,savings,normal,4135.519604365376,2026-04-21 10:05:15 +0000 UTC
019daf80-5122-750c-9416-fef5437aaf79,019daf80-511a-7aa2-9095-9ffac46fc19d,credit,high_spender,3488.6021390841547,2026-04-21 10:05:15 +0000 UTC
019daf80-5122-7518-baf5-931fe25b05c5,019daf80-511a-7aa6-ad7d-ea9c73807a58,current,low_spender,2064.3328519326456,2026-04-21 10:05:15 +0000 UTC
019daf80-5122-7520-a749-0be5889648da,019daf80-511a-7aae-b262-e189d83b83a3,savings,normal,4874.825513970754,2026-04-21 10:05:15 +0000 UTC
019daf80-5122-752c-8257-c1e3c7778010,019daf80-511a-7ab6-8bf7-6583a9ce9e77,credit,high_spender,3553.903355941161,2026-04-21 10:05:15 +0000 UTC
019daf80-5122-7537-8424-5c4c98442729,019daf80-511a-7abe-89e6-6b040035bf40,current,low_spender,7336.089239122044,2026-04-21 10:05:15 +0000 UTC
019daf80-5122-753f-8b73-16d7e6d5cf9d,019daf80-511a-7ac1-a107-a99857d82150,savings,normal,6268.60495609933,2026-04-21 10:05:15 +0000 UTC
019daf80-5122-754b-95af-cb4e6b176442,019daf80-511a-7add-b4f0-93b822d0d381,credit,high_spender,7856.560747051952,2026-04-21 10:05:15 +0000 UTC
019daf80-5122-7557-86b9-93623d3447e8,019daf80-511a-7ae5-aea6-ec1abc337f90,current,low_spender,250.0580469879088,2026-04-21 10:05:15 +0000 UTC
019daf80-5122-7562-86a1-71263313daec,019daf80-511a-7ae8-8813-c3f9ef903bb3,savings,normal,9075.159166549061,2026-04-21 10:05:15 +0000 UTC
019daf80-5122-756a-9865-fe928ba7cb3c,019daf80-511a-7af0-b4b1-b143a10016e5,credit,high_spender,1656.1682671780586,2026-04-21 10:05:15 +0000 UTC
019daf80-5122-7576-a908-e784fdcf9056,019daf80-511a-7af8-88c5-9cb9c268e067,current,low_spender,6720.710634608002,2026-04-21 10:05:15 +0000 UTC
019daf80-5122-757e-80cb-52559fd0c770,019daf80-511a-7afc-9d6c-aa21bcc5cdc7,savings,normal,4805.455538822539,2026-04-21 10:05:15 +0000 UTC
019daf80-5122-7589-a78b-be03fdad8ed9,019daf80-511a-7b04-a998-4f8b0c0503bc,credit,high_spender,2506.2108631657006,2026-04-21 10:05:15 +0000 UTC
019daf80-5122-7591-bc98-34188ae3b76d,019daf80-511a-7b0c-9544-e72cf082b295,current,low_spender,9596.98668163353,2026-04-21 10:05:15 +0000 UTC
019daf80-5122-759d-a2f9-86a7ba16e13c,019daf80-511a-7b10-8bc6-88efed1b313e,savings,normal,8303.174747862084,2026-04-21 10:05:15 +0000 UTC
019daf80-5122-75a9-803e-bf3d695e3c11,019daf80-511a-7b17-b2fc-d1c241894023,credit,high_spender,4661.035093383848,2026-04-21 10:05:15 +0000 UTC
019daf80-5122-75b4-9c56-645e29fa5e74,019daf80-511a-7b1f-8864-11d6ca33f724,current,low_spender,787.5735055055421,2026-04-21 10:05:15 +0000 UTC
019daf80-5122-75bc-a5a1-9dc146f8115f,019daf80-511a-7b27-8dbb-49606dd1d857,savings,normal,4957.873791675553,2026-04-21 10:05:15 +0000 UTC
019daf80-5122-75c8-95b7-50918c206d31,019daf80-511a-7b2b-8fe4-3cce10ab1c50,credit,high_spender,6578.014261896299,2026-04-21 10:05:15 +0000 UTC
019daf80-5122-75d0-8520-7d85816b9671,019daf80-511a-7b33-a235-b3afff031fff,current,low_spender,2982.5817964502226,2026-04-21 10:05:15 +0000 UTC
019daf80-5122-75dc-a4f9-7bd6400e7ed6,019daf80-511a-7b3b-b475-8c6054163078,savings,normal,5030.904305988655,2026-04-21 10:05:15 +0000 UTC
019daf80-5122-75e3-acd9-eb37071727e6,019daf80-511a-7b42-9bf6-ad7dc18ebfe3,credit,high_spender,1154.1161688618945,2026-04-21 10:05:15 +0000 UTC
019daf80-5122-75ef-bbbd-aecfb6db99a8,019daf80-511a-7b4a-8701-2be7b4013cd9,current,low_spender,3299.2689089984683,2026-04-21 10:05:15 +0000 UTC
019daf80-5122-75fb-a32a-ac3c8f71c719,019daf80-511a-7b4e-bc9e-bcde53227353,savings,normal,6249.676551258343,2026-04-21 10:05:15 +0000 UTC
019daf80-5122-7603-9cf2-3d20a822e16f,019daf80-511a-7b5e-ad75-f76617c8686a,credit,high_spender,535.8528506239612,2026-04-21 10:05:15 +0000 UTC
019daf80-5122-760e-81ff-0e85184e64aa,019daf80-511a-7b62-b818-ec4c968d4446,current,low_spender,7947.424714938806,2026-04-21 10:05:15 +0000 UTC
019daf80-5122-761a-95dc-5f9a6cc9a42a,019daf80-511a-7b69-ab34-b2db4c398a71,savings,normal,5413.631254358613,2026-04-21 10:05:15 +0000 UTC
019daf80-5122-769f-a0c5-3c846a7f0c4f,019daf80-511a-7b71-b0d6-f01a0b657cbf,credit,high_spender,9177.395597558043,2026-04-21 10:05:15 +0000 UTC
019daf80-5122-76b6-8517-1345b5462bd2,019daf80-511a-7b79-9ada-913690222442,current,low_spender,2790.4929096506976,2026-04-21 10:05:15 +0000 UTC
019daf80-5122-76c2-9a54-6952a82cf7db,019daf80-511a-7b81-9f04-e28214ca89c7,savings,normal,5269.554234347974,2026-04-21 10:05:15 +0000 UTC
019daf80-5122-773f-8436-609a643a4fa4,019daf80-511a-7b85-82e4-ac94de9ad280,credit,high_spender,7486.284010522399,2026-04-21 10:05:15 +0000 UTC
019daf80-5122-776e-abfd-c01c48be05b0,019daf80-511a-7b94-ba3f-dc32568efaa6,current,low_spender,2848.0736610995395,2026-04-21 10:05:15 +0000 UTC
019daf80-5122-777d-96a0-7614cd0f31b0,019daf80-511a-7b9c-b4d6-a267c83dafd4,savings,normal,8925.979931453929,2026-04-21 10:05:15 +0000 UTC
019daf80-5122-7791-87a3-f782808e6ca8,019daf80-511a-7ba4-9388-9a8f0ba4774d,credit,high_spender,7636.602721232115,2026-04-21 10:05:15 +0000 UTC
019daf80-5122-77a1-91d2-f552eefe4856,019daf80-511a-7bac-afff-77a846082c89,current,low_spender,8398.304230134401,2026-04-21 10:05:15 +0000 UTC
019daf80-5122-77b0-8db2-8e660c73a5e8,019daf80-511a-7bb0-a4f2-3cf5428482fd,savings,normal,7504.368459792919,2026-04-21 10:05:15 +0000 UTC
019daf80-5122-77bc-95f9-1942e62facb0,019daf80-511a-7bc7-9950-2503caf927b9,credit,high_spender,2194.3616771514216,2026-04-21 10:05:15 +0000 UTC
019daf80-5122-77c8-b081-144383a9e200,019daf80-511a-7bcf-b12f-f9e777282b92,current,low_spender,5560.870714462572,2026-04-21 10:05:15 +0000 UTC
019daf80-5122-77db-9c89-3c208f02f5c7,019daf80-511a-7bd7-9776-2bc8624c276a,savings,normal,2225.5140784814353,2026-04-21 10:05:15 +0000 UTC
019daf80-5122-77e7-86e7-87061568e0b0,019daf80-511a-7bdf-b20e-ce854f37b692,credit,high_spender,4141.244839836242,2026-04-21 10:05:15 +0000 UTC
019daf80-5122-77f7-873c-a319450a3d88,019daf80-511a-7be2-b6fe-8524c3287518,current,low_spender,7877.601743877926,2026-04-21 10:05:15 +0000 UTC
019daf80-5122-7802-bdf6-90baa58d6e25,019daf80-511a-7bea-a1ce-28957529053a,savings,normal,1566.1540750403897,2026-04-21 10:05:15 +0000 UTC
019daf80-5122-7812-b8f3-39ee16cbd241,019daf80-511a-7bf2-be88-5acaef87734a,credit,high_spender,4297.919142765489,2026-04-21 10:05:15 +0000 UTC
019daf80-5122-7822-a55e-ee9594882141,019daf80-511a-7bfa-9d5d-6090f082279c,current,low_spender,1225.8900943003193,2026-04-21 10:05:15 +0000 UTC
019daf80-5122-7835-9748-b34e095d3737,019daf80-511a-7bfe-8c45-9ca912826abd,savings,normal,7631.262192012801,2026-04-21 10:05:15 +0000 UTC
019daf80-5122-7845-a587-ea77833f65ad,019daf80-511a-7c06-a744-763e625c5ad7,credit,high_spender,1541.1760690441579,2026-04-21 10:05:15 +0000 UTC
019daf80-5122-7850-9683-17594f97c27c,019daf80-511a-7c0d-9579-41239d3e5bf5,current,low_spender,7675.147475410727,2026-04-21 10:05:15 +0000 UTC
019daf80-5122-785c-82dc-204a3a3b69e8,019daf80-511a-7c19-9a1a-d08e99c22dca,savings,normal,6784.2996686675115,2026-04-21 10:05:15 +0000 UTC
019daf80-5122-786c-9a2f-2d7960830d5b,019daf80-511a-7c21-b5d8-a3305361b2c9,credit,high_spender,9656.215025727182,2026-04-21 10:05:15 +0000 UTC
019daf80-5122-7883-8a18-73026dfe1498,019daf80-511a-7c29-85f3-c646c5dbec3a,current,low_spender,2156.5242897703597,2026-04-21 10:05:15 +0000 UTC
019daf80-5122-7893-8800-a3418e96fe6e,019daf80-511a-7c2d-b422-b5eb5a08d3bc,savings,normal,6797.130421531122,2026-04-21 10:05:15 +0000 UTC
019daf80-5122-78a2-9108-d9f4234fc957,019daf80-511a-7c35-b986-a4adeac14501,credit,high_spender,4926.415088237049,2026-04-21 10:05:15 +0000 UTC
019daf80-5122-78ae-a5bd-b9c47e352e3e,019daf80-511a-7c3c-b9ca-722043f3f03e,current,low_spender,6997.588301272896,2026-04-21 10:05:15 +0000 UTC
019daf80-5122-78be-9e46-a8ec86b4240b,019daf80-511a-7c44-a573-7d38f0bc5c9a,savings,normal,6351.097421417883,2026-04-21 10:05:15 +0000 UTC
019daf80-5122-78ca-b17f-32aa1b9b0e92,019daf80-511a-7c50-84f8-75a6b8c72df1,credit,high_spender,5584.036571463286,2026-04-21 10:05:15 +0000 UTC
019daf80-5122-78dd-9a14-f3a36ace4748,019daf80-511a-7c58-9de1-100fdb3cc6ae,current,low_spender,7398.400882834117,2026-04-21 10:05:15 +0000 UTC
019daf80-5122-78e9-b32a-31ecf6007bd0,019daf80-511a-7c5c-a3ae-a95a12e399a1,savings,normal,9426.375631410809,2026-04-21 10:05:15 +0000 UTC
019daf80-5122-793b-9934-e70edf615e10,019daf80-511a-7c63-b37c-07e1f47488e7,credit,high_spender,3359.244244568159,2026-04-21 10:05:15 +0000 UTC
019daf80-5122-794a-8ca8-7824d6b5b470,019daf80-511a-7c6b-84da-8b31a71202da,current,low_spender,1963.236981021277,2026-04-21 10:05:15 +0000 UTC
019daf80-5122-795a-a6b2-3263f9cf0635,019daf80-511a-7c6f-951c-4fd04dec6924,savings,normal,1624.0495209375138,2026-04-21 10:05:15 +0000 UTC
019daf80-5122-796a-ba5d-9127f0b246c3,019daf80-511a-7c77-8a96-d2fb788cee0e,credit,high_spender,9331.73742665381,2026-04-21 10:05:15 +0000 UTC
019daf80-5122-7979-9b85-95d4de888246,019daf80-511a-7c7f-9e57-488866fa27ac,current,low_spender,9577.338216213182,2026-04-21 10:05:15 +0000 UTC
019daf80-5122-7985-93c4-eb3fbd6f4fe5,019daf80-511a-7c87-b5d2-e8f1af74a64b,savings,normal,1942.3001407056383,2026-04-21 10:05:15 +0000 UTC
019daf80-5122-7991-97de-2751ffd5c231,019daf80-511a-7c8a-9b7e-9f15c6062376,credit,high_spender,9571.741502979874,2026-04-21 10:05:15 +0000 UTC
019daf80-5122-79a4-bda7-313cff55ff5d,019daf80-511a-7c92-a88d-8c009e576c9c,current,low_spender,3571.986180064134,2026-04-21 10:05:15 +0000 UTC
019daf80-5122-79b0-b195-811bf2e665ee,019daf80-511a-7c9a-a610-411f5ea80883,savings,normal,6953.967633336561,2026-04-21 10:05:15 +0000 UTC
019daf80-5122-79c0-a9db-a26b8ed8805b,019daf80-511a-7c9e-883d-eaeaf3c057f6,credit,high_spender,3678.529049982228,2026-04-21 10:05:15 +0000 UTC
019daf80-5122-79cb-9202-9d099ec3dc89,019daf80-511a-7ca6-8d44-db7b9d731c7f,current,low_spender,2.8624951228395368,2026-04-21 10:05:15 +0000 UTC
019daf80-5122-79d7-bfc5-2169612fb36f,019daf80-511a-7cae-84a1-320e9434f4cb,savings,normal,8675.341352647885,2026-04-21 10:05:15 +0000 UTC
019daf80-5122-79eb-ab14-980bdc5fdf5c,019daf80-511a-7cb5-8abb-ceacc0c3b8c2,credit,high_spender,2445.9518509921913,2026-04-21 10:05:15 +0000 UTC
019daf80-5122-79f6-8de0-a9593ad24fcb,019daf80-511a-7cb9-8ed2-4409538c325c,current,low_spender,4988.940382845381,2026-04-21 10:05:15 +0000 UTC
019daf80-5122-7a06-a4af-713c243a859b,019daf80-511a-7cc1-a0f6-9439d1fa5de7,savings,normal,2445.6901879736547,2026-04-21 10:05:15 +0000 UTC
019daf80-5122-7a12-9e56-30e1e26d534b,019daf80-511a-7cc9-8e84-128ee8f688a9,credit,high_spender,5094.439349832312,2026-04-21 10:05:15 +0000 UTC
019daf80-5122-7a1d-a345-f9d1e368494c,019daf80-511a-7ccd-b76d-217286acb5dc,current,low_spender,8977.168902114552,2026-04-21 10:05:15 +0000 UTC
019daf80-5122-7a31-8727-ae61bb0d2380,019daf80-511a-7cd5-97ce-653f57593f8e,savings,normal,9066.23583093235,2026-04-21 10:05:15 +0000 UTC
019daf80-5122-7a3d-a115-4494c48f9227,019daf80-511a-7cdc-8a5a-7d4bea752542,credit,high_spender,7728.0360227390765,2026-04-21 10:05:15 +0000 UTC
019daf80-5122-7a50-b661-6adad343dfac,019daf80-511a-7ce4-92cb-9eaab8e61b07,current,low_spender,3502.931397887792,2026-04-21 10:05:15 +0000 UTC
019daf80-5122-7a5c-baa7-9d0c96108648,019daf80-511a-7cec-8325-6a727c01bef4,savings,normal,6691.438260960137,2026-04-21 10:05:15 +0000 UTC
019daf80-5122-7a64-a17a-052185396211,019daf80-511a-7cf0-a49d-c910511c494d,credit,high_spender,4891.1318281705935,2026-04-21 10:05:15 +0000 UTC
019daf80-5122-7a77-bc26-3c2d429fc61d,019daf80-511a-7cf8-af47-05db5a52a26f,current,low_spender,541.6279106301786,2026-04-21 10:05:15 +0000 UTC
019daf80-5122-7a87-a172-49fa267daceb,019daf80-511a-7d00-a893-7e57f0629fcf,savings,normal,271.2713886516627,2026-04-21 10:05:15 +0000 UTC
019daf80-5122-7a96-ba00-54ebab3523c7,019daf80-511a-7d0b-9e1d-a89d6aadb5a1,credit,high_spender,5203.555636195689,2026-04-21 10:05:15 +0000 UTC
019daf80-5122-7aa2-bd66-1b5802f8556e,019daf80-511a-7d13-9d80-35db7b6d20f5,current,low_spender,9202.84474327999,2026-04-21 10:05:15 +0000 UTC
019daf80-5122-7aae-8b0f-77fc2f061b01,019daf80-511a-7d1b-9abe-f9272ec902c4,savings,normal,1089.2093469296915,2026-04-21 10:05:15 +0000 UTC
019daf80-5122-7abe-98e0-d3d88d33d948,019daf80-511a-7d1f-b59c-fe8ab62a6a87,credit,high_spender,9704.65591228904,2026-04-21 10:05:15 +0000 UTC
019daf80-5122-7ac9-bda8-2dadca5d8a8b,019daf80-511a-7d27-be36-189cae6cae7e,current,low_spender,577.7132161839554,2026-04-21 10:05:15 +0000 UTC
019daf80-5122-7ad9-81e7-893fa9fea76a,019daf80-511a-7d2f-8743-1222a92270eb,savings,normal,5461.029704740002,2026-04-21 10:05:15 +0000 UTC
019daf80-5122-7ae5-9a5a-e6c5759c9930,019daf80-511a-7d32-818b-9191e952189b,credit,high_spender,1150.8484660264023,2026-04-21 10:05:15 +0000 UTC
019daf80-5122-7bb8-895f-e0699cbca839,019daf80-511a-7d3a-96de-753cc272687c,current,low_spender,6086.182493820796,2026-04-21 10:05:15 +0000 UTC
019daf80-5122-7bcf-9fde-844aa7d21d39,019daf80-511a-7d42-991c-b03a7b15b777,savings,normal,1608.769775651978,2026-04-21 10:05:15 +0000 UTC
019daf80-5122-7bdb-ad00-836fe5b200b6,019daf80-511a-7d4a-ac61-70c7cd9888e8,credit,high_spender,6053.301710244977,2026-04-21 10:05:15 +0000 UTC
019daf80-5122-7be2-92fc-c8a48ecc439e,019daf80-511a-7d4e-abeb-bd688b2c55cb,current,low_spender,9546.974398659064,2026-04-21 10:05:15 +0000 UTC
019daf80-5122-7bee-b121-b7f95df118f1,019daf80-511a-7d56-a236-77a4e8b63b74,savings,normal,191.4729490994077,2026-04-21 10:05:15 +0000 UTC
019daf80-5122-7bf6-a582-accb474c2d02,019daf80-511a-7d5d-83c3-ce77224ea706,credit,high_spender,7876.133473697146,2026-04-21 10:05:15 +0000 UTC
019daf80-5122-7c02-836f-c2d3763937bb,019daf80-511a-7d65-8526-c95fedda3e78,current,low_spender,4755.844205946156,2026-04-21 10:05:15 +0000 UTC
019daf80-5122-7c0d-9a4f-65c1097e86d4,019daf80-511a-7d6d-b520-8126f63bdf6b,savings,normal,9662.406584879203,2026-04-21 10:05:15 +0000 UTC
019daf80-5122-7c15-80ba-d50ada2dce6d,019daf80-511a-7d75-bc98-c671eca48663,credit,high_spender,6805.312560114665,2026-04-21 10:05:15 +0000 UTC
019daf80-5122-7c21-a3bd-dae0e9ff0475,019daf80-511a-7d79-998c-abed5fa64e02,current,low_spender,5847.329120854251,2026-04-21 10:05:15 +0000 UTC
019daf80-5122-7c29-a448-78d83d6ec7a0,019daf80-511a-7d81-8a23-62e665c573e9,savings,normal,3034.694461504771,2026-04-21 10:05:15 +0000 UTC
019daf80-5122-7c35-8add-aaaa0dcd2d17,019daf80-511a-7d88-98dd-367365023d9b,credit,high_spender,6590.651262966671,2026-04-21 10:05:15 +0000 UTC
019daf80-5122-7c3c-b6a2-2729a43d6254,019daf80-511a-7d8c-920b-7b1ff3bccb8a,current,low_spender,917.1470363677487,2026-04-21 10:05:15 +0000 UTC
019daf80-5122-7c48-a418-cfd9ec567482,019daf80-511a-7d9c-9671-f04cdb7ee89d,savings,normal,4133.098076239659,2026-04-21 10:05:15 +0000 UTC
019daf80-5122-7c50-ab1c-50d4d7c45b34,019daf80-511a-7da4-8e13-31c42ac7fc62,credit,high_spender,141.22736188868168,2026-04-21 10:05:15 +0000 UTC
019daf80-5122-7c5c-bb20-1e45792fa0aa,019daf80-511a-7da8-b67a-b9b4203b26df,current,low_spender,3915.7223109076817,2026-04-21 10:05:15 +0000 UTC
019daf80-5122-7c67-9d3c-4ad6df27f1ae,019daf80-511a-7daf-a364-1dd263aac21b,savings,normal,186.16858939073055,2026-04-21 10:05:15 +0000 UTC
019daf80-5122-7c6f-9922-fad0fd60a4dc,019daf80-511a-7db7-bbd3-9d8b63114106,credit,high_spender,1050.7950686550528,2026-04-21 10:05:15 +0000 UTC
019daf80-5122-7c77-aba0-fe3d35a5f147,019daf80-511a-7dbf-be8e-3a0668103d4c,current,low_spender,4507.477490348022,2026-04-21 10:05:15 +0000 UTC
019daf80-5122-7c83-820e-a6a11396daa4,019daf80-511a-7dc3-a672-d226005f8d8a,savings,normal,9645.845429648069,2026-04-21 10:05:15 +0000 UTC
019daf80-5122-7c8e-b919-c7a0002261be,019daf80-511a-7dda-97c5-4ab234f82d29,credit,high_spender,588.4420876441404,2026-04-21 10:05:15 +0000 UTC
019daf80-5122-7c9a-9d57-8d258f1bf747,019daf80-511a-7dde-9407-0890e11394f3,current,low_spender,8713.121762898254,2026-04-21 10:05:15 +0000 UTC
019daf80-5122-7ca2-9967-140fc167916d,019daf80-511a-7de6-b297-0fdd3112f745,savings,normal,942.3824626116983,2026-04-21 10:05:15 +0000 UTC
019daf80-5122-7cae-a2e2-56bee23e0c60,019daf80-511a-7dee-829a-ecb4d15a33e7,credit,high_spender,8183.226475813906,2026-04-21 10:05:15 +0000 UTC
019daf80-5122-7cb5-87bc-5fb98296af8a,019daf80-511a-7df6-8d8b-6c0d0b60f583,current,low_spender,1212.0799806171833,2026-04-21 10:05:15 +0000 UTC
019daf80-5122-7cc1-ad04-4e15f99c7c0e,019daf80-511a-7dfa-87a4-1ffaa5be0239,savings,normal,4341.565026531811,2026-04-21 10:05:15 +0000 UTC
019daf80-5122-7cc9-b523-1733299f28d9,019daf80-511a-7e01-9d28-533cc9c5e0dd,credit,high_spender,3311.3616545567625,2026-04-21 10:05:15 +0000 UTC
019daf80-5122-7cd5-a1af-d228dd4b21eb,019daf80-511a-7e09-9d94-8eb2ce962178,current,low_spender,8279.2832197939,2026-04-21 10:05:15 +0000 UTC
019daf80-5122-7cdc-a396-1d9b18a74713,019daf80-511a-7e0d-b0b1-13ab73134ba9,savings,normal,2384.1240748957025,2026-04-21 10:05:15 +0000 UTC
019daf80-5122-7ce8-8cca-35a1693c7de2,019daf80-511a-7e15-84b6-42818dd404ff,credit,high_spender,7714.114373827467,2026-04-21 10:05:15 +0000 UTC
019daf80-5122-7cf0-9039-4e26457e05cc,019daf80-511a-7e1d-986b-a3cfd4f9569b,current,low_spender,7904.726465846251,2026-04-21 10:05:15 +0000 UTC
019daf80-5122-7cfc-a718-a3f8712a11d9,019daf80-511a-7e21-a4c6-83164a3ba281,savings,normal,369.20873099271165,2026-04-21 10:05:15 +0000 UTC
019daf80-5122-7d04-9111-666be86662d3,019daf80-511a-7e29-8971-47e199ff4e84,credit,high_spender,9774.365805330171,2026-04-21 10:05:15 +0000 UTC
019daf80-5122-7d0f-9002-cb5b87dbb071,019daf80-511a-7e30-9c02-0402fbaa8fb6,current,low_spender,3242.3170337024744,2026-04-21 10:05:15 +0000 UTC
019daf80-5122-7d17-be96-c6aa23e10efa,019daf80-511a-7e38-bdc4-876e27823eaf,savings,normal,3660.5601729213877,2026-04-21 10:05:15 +0000 UTC
019daf80-5122-7d27-913b-98b71c95877c,019daf80-511a-7e3c-8c8d-1fae374493f6,credit,high_spender,7548.001538409261,2026-04-21 10:05:15 +0000 UTC
019daf80-5122-7d2f-ace4-63e407eece78,019daf80-511a-7e44-942b-19412e8f1d19,current,low_spender,5735.065385110988,2026-04-21 10:05:15 +0000 UTC
019daf80-5122-7d3a-967d-0ec50e8ae137,019daf80-511a-7e4c-859b-f1d0d226f71e,savings,normal,9226.417695675513,2026-04-21 10:05:15 +0000 UTC
019daf80-5122-7d42-b231-59e89e7d9acf,019daf80-511a-7e50-9d73-5340205a8178,credit,high_spender,7389.536130102341,2026-04-21 10:05:15 +0000 UTC
019daf80-5122-7d4e-be91-70876ce1d7cf,019daf80-511a-7e57-84c8-2e47710253a7,current,low_spender,4871.9127121629945,2026-04-21 10:05:15 +0000 UTC
019daf80-5122-7d56-9249-130109598429,019daf80-511a-7e5f-981d-1e618d8450e9,savings,normal,4861.766867719682,2026-04-21 10:05:15 +0000 UTC
019daf80-5122-7d61-a239-161d5d2c1ff7,019daf80-511a-7e63-9535-86d85a46ffc0,credit,high_spender,2323.120126446107,2026-04-21 10:05:15 +0000 UTC
019daf80-5122-7d69-9f35-2355a8cb1536,019daf80-511a-7e73-a15a-6233f867a2f5,current,low_spender,1822.7276024401297,2026-04-21 10:05:15 +0000 UTC
019daf80-5122-7d75-88f5-a6d4882059a0,019daf80-511a-7e7b-9d8e-07a8533ac11f,savings,normal,9699.299267392376,2026-04-21 10:05:15 +0000 UTC
019daf80-5122-7d7d-8aee-758d1184f01a,019daf80-511a-7e82-8861-eeddb27b7b2a,credit,high_spender,4134.587348211557,2026-04-21 10:05:15 +0000 UTC
019daf80-5122-7d88-85df-007e9dddf4e2,019daf80-511a-7e86-bab3-37b63e6f3ffd,current,low_spender,4208.401720202736,2026-04-21 10:05:15 +0000 UTC
019daf80-5122-7d94-9f03-9d9bb95483b0,019daf80-511a-7e8e-8179-6bff98886e11,savings,normal,1121.3293603821173,2026-04-21 10:05:15 +0000 UTC
019daf80-5122-7d9c-a56e-d65826a11e82,019daf80-511a-7e9e-a3a2-298f68bbab9b,credit,high_spender,2473.23000814517,2026-04-21 10:05:15 +0000 UTC
019daf80-5122-7da8-aeb3-1024678438b0,019daf80-511a-7ea2-ae62-54137404218e,current,low_spender,6928.528998323632,2026-04-21 10:05:15 +0000 UTC
019daf80-5122-7daf-a500-fef53fb1b04d,019daf80-511a-7ea9-b67a-093d604badd1,savings,normal,3556.463762962355,2026-04-21 10:05:15 +0000 UTC
019daf80-5122-7dbb-a1d5-547403f30a62,019daf80-511a-7eb1-ab7f-e75d456c8dbe,credit,high_spender,2267.9996467309948,2026-04-21 10:05:15 +0000 UTC
019daf80-5122-7dc3-a9a5-eae81961d928,019daf80-511a-7eb5-af7c-ac4b7a357ddd,current,low_spender,7619.4863062016975,2026-04-21 10:05:15 +0000 UTC
019daf80-5122-7dcf-960b-bc230cee2e1c,019daf80-511a-7ebd-9c1f-7faa7b253fd1,savings,normal,7344.044994587299,2026-04-21 10:05:15 +0000 UTC
019daf80-5122-7dda-9745-68948f908cc1,019daf80-511a-7ec5-b2b1-4a6f5df4ddc1,credit,high_spender,3194.359554704759,2026-04-21 10:05:15 +0000 UTC
019daf80-5122-7de2-9a2c-91bacfbcc1f8,019daf80-511a-7ecd-9cd3-8970e63764c2,current,low_spender,563.2604807619085,2026-04-21 10:05:15 +0000 UTC
019daf80-5122-7dee-9f4b-062bfc1b28e8,019daf80-511a-7ed0-9a84-69f323363fa0,savings,normal,6437.872897269405,2026-04-21 10:05:15 +0000 UTC
019daf80-5122-7dfa-9ffd-74712de4397c,019daf80-511a-7ef4-979a-ca853c200310,credit,high_spender,6820.3879421434685,2026-04-21 10:05:15 +0000 UTC
019daf80-5122-7e01-b77d-42f918b4cd01,019daf80-511a-7efb-a98a-b2df821208fc,current,low_spender,5720.163967437021,2026-04-21 10:05:15 +0000 UTC
019daf80-5122-7e0d-84e4-84f3656dde79,019daf80-511a-7f03-8d6b-4edef403785f,savings,normal,7660.530504322858,2026-04-21 10:05:15 +0000 UTC
019daf80-5122-7e19-b06f-80d62d146023,019daf80-511a-7f0b-925e-7e06caf34388,credit,high_spender,6976.312866437645,2026-04-21 10:05:15 +0000 UTC
019daf80-5122-7e21-a440-b3ba42a12bc6,019daf80-511a-7f0f-a44f-a01a50beb5c6,current,low_spender,3508.3045240929014,2026-04-21 10:05:15 +0000 UTC
019daf80-5122-7e2c-85be-126aa407db15,019daf80-511a-7f17-9d4d-7f0b2d91a72c,savings,normal,7701.971127951999,2026-04-21 10:05:15 +0000 UTC
019daf80-5122-7e38-a543-64e423ed9f46,019daf80-511a-7f1f-83ee-3eec0007effc,credit,high_spender,6032.522133415993,2026-04-21 10:05:15 +0000 UTC
019daf80-5122-7e40-89bc-5fd7e2ef297f,019daf80-511a-7f23-8fce-b550617aa377,current,low_spender,3417.549803582227,2026-04-21 10:05:15 +0000 UTC
019daf80-5122-7e48-8b81-796d76fb3117,019daf80-511a-7f2a-af63-e774021c1a79,savings,normal,2937.126726006011,2026-04-21 10:05:15 +0000 UTC
019daf80-5122-7e53-b699-cf294856cc49,019daf80-511a-7f32-8cf7-d6f88a5032e0,credit,high_spender,5039.531948948078,2026-04-21 10:05:15 +0000 UTC
019daf80-5122-7e5f-b3de-e95d824ac51a,019daf80-511a-7f3a-aa83-62135323a1b2,current,low_spender,7155.648853200113,2026-04-21 10:05:15 +0000 UTC
019daf80-5122-7e67-8ab8-b122678cd045,019daf80-511a-7f3e-93ea-1b080a014eec,savings,normal,2366.418922045261,2026-04-21 10:05:15 +0000 UTC
019daf80-5122-7e6f-8e51-755fa7a2548c,019daf80-511b-7003-af4e-25ae6f046707,credit,high_spender,6827.709222297209,2026-04-21 10:05:15 +0000 UTC
019daf80-5122-7e7b-a64f-52f62f25e606,019daf80-511b-7013-8448-3ac5218681c6,current,low_spender,8359.130582369957,2026-04-21 10:05:15 +0000 UTC
019daf80-5122-7e82-bc1d-5a0a9392b831,019daf80-511b-701b-9f74-feea4b368bff,savings,normal,6774.126434846437,2026-04-21 10:05:15 +0000 UTC
019daf80-5122-7e96-ad37-c0c31b478299,019daf80-511b-7023-978f-dbdd61cfdbad,credit,high_spender,4964.313332740483,2026-04-21 10:05:15 +0000 UTC
019daf80-5122-7ea2-9d02-643448b1618b,019daf80-511b-702a-a3a9-d661f2c658b2,current,low_spender,5461.238798697547,2026-04-21 10:05:15 +0000 UTC
019daf80-5122-7ea9-bc73-65b6ad126446,019daf80-511b-702e-9e5f-a000ef1f0f54,savings,normal,4159.640638181256,2026-04-21 10:05:15 +0000 UTC
019daf80-5122-7eb5-b13b-ffff680b5758,019daf80-511b-703a-99e5-3228b9612b09,credit,high_spender,6286.184609773775,2026-04-21 10:05:15 +0000 UTC
019daf80-5122-7ebd-abbf-80d4439fab97,019daf80-511b-7042-8499-8223399b39f9,current,low_spender,3264.971095220569,2026-04-21 10:05:15 +0000 UTC
019daf80-5122-7ec5-a31a-c79488f45a13,019daf80-511b-7046-8859-7ef6e81ff1d9,savings,normal,5369.503963641502,2026-04-21 10:05:15 +0000 UTC
019daf80-5122-7ed0-bf33-bb0f6a5892d4,019daf80-511b-704e-99bd-21d31c759b7f,credit,high_spender,4396.0546121234165,2026-04-21 10:05:15 +0000 UTC
019daf80-5122-7ed8-8319-03fcfb0ffccd,019daf80-511b-7055-a746-7bbfde69aa97,current,low_spender,8757.3341414056,2026-04-21 10:05:15 +0000 UTC
019daf80-5122-7ee4-8248-eba9d8bc71e9,019daf80-511b-705d-a94d-5fea4b6622d4,savings,normal,9175.213643595189,2026-04-21 10:05:15 +0000 UTC
019daf80-5122-7eec-89cd-722ac0ae9738,019daf80-511b-7065-919a-a6e5ddd103a2,credit,high_spender,9685.12765615999,2026-04-21 10:05:15 +0000 UTC
019daf80-5122-7ef8-b829-ee1d96645dfd,019daf80-511b-706d-abc5-6e9f66b1af05,current,low_spender,8495.677058034255,2026-04-21 10:05:15 +0000 UTC
019daf80-5122-7f03-b886-7d2e90fe1e64,019daf80-511b-7071-881a-451aac36e698,savings,normal,7662.014281533225,2026-04-21 10:05:15 +0000 UTC
019daf80-5122-7f0b-a4d5-2b886451416d,019daf80-511b-7079-ad33-382cb1f83e2b,credit,high_spender,8909.51645768673,2026-04-21 10:05:15 +0000 UTC
019daf80-5122-7f17-bd61-a5a7aad875e0,019daf80-511b-7080-861c-7c9909c46598,current,low_spender,9770.071889897818,2026-04-21 10:05:15 +0000 UTC
019daf80-5122-7f23-98d8-f8589c793da5,019daf80-511b-7088-9fb0-39d01456d01b,savings,normal,3250.0664796365254,2026-04-21 10:05:15 +0000 UTC
019daf80-5122-7f2a-b8ec-e7240189c06f,019daf80-511b-7090-8a1f-8da2f13eec55,credit,high_spender,5614.528857016921,2026-04-21 10:05:15 +0000 UTC
019daf80-5122-7f36-aad0-b82f93fcaf49,019daf80-511b-7098-8c12-234c37b19d28,current,low_spender,1383.374563444456,2026-04-21 10:05:15 +0000 UTC
019daf80-5122-7f3e-b4a7-bcc9ac671232,019daf80-511b-70a0-ab2f-7198cd9502d5,savings,normal,5885.75870448051,2026-04-21 10:05:15 +0000 UTC
019daf80-5123-7007-ab14-86969fe6cfc9,019daf80-511b-70a4-9cbe-8b1edc5a3714,credit,high_spender,9334.868793902571,2026-04-21 10:05:15 +0000 UTC
019daf80-5123-700f-bbcd-a087621cf4b8,019daf80-511b-70ab-a418-253400d0c32b,current,low_spender,5586.229113883748,2026-04-21 10:05:15 +0000 UTC
019daf80-5123-701b-94a1-dc9d7f73ae07,019daf80-511b-70b3-8ec2-db285e0a80f6,savings,normal,6444.105419272144,2026-04-21 10:05:15 +0000 UTC
019daf80-5123-7023-8c71-f15d6d7c4a8f,019daf80-511b-70b7-acef-e198efccc37e,credit,high_spender,5832.284216512763,2026-04-21 10:05:15 +0000 UTC
019daf80-5123-702e-b0c4-89c541e7c818,019daf80-511b-70bf-9b45-6de916bb1d19,current,low_spender,2883.863239582974,2026-04-21 10:05:15 +0000 UTC
019daf80-5123-7036-a25a-3c416c24f599,019daf80-511b-70c7-a114-2148826bc417,savings,normal,1629.6877891900185,2026-04-21 10:05:15 +0000 UTC
019daf80-5123-7042-9e7e-752f3940ea9c,019daf80-511b-70cf-b657-084e3121448b,credit,high_spender,3611.352697244012,2026-04-21 10:05:15 +0000 UTC
019daf80-5123-7052-a2e0-0db6c39dd6fa,019daf80-511b-70d2-a8b1-60cc77fc4974,current,low_spender,5528.960765473933,2026-04-21 10:05:15 +0000 UTC
019daf80-5123-7059-bc12-fbbd1eef3805,019daf80-511b-70e2-8ee9-9838ba1835e3,savings,normal,8751.373083882474,2026-04-21 10:05:15 +0000 UTC
019daf80-5123-7065-a774-5f65a88b57a5,019daf80-511b-70ea-8a75-6fed17ec4949,credit,high_spender,171.1218816856708,2026-04-21 10:05:15 +0000 UTC
019daf80-5123-7071-b571-595b0dd2ecad,019daf80-511b-70ee-aa38-bcad11a527f6,current,low_spender,1602.2395021462744,2026-04-21 10:05:15 +0000 UTC
019daf80-5123-7079-9386-64d61a1ad3fe,019daf80-511b-70f6-82a1-d89cbd3cd153,savings,normal,2962.0487684240143,2026-04-21 10:05:15 +0000 UTC
019daf80-5123-7084-ad7c-08dc302f116e,019daf80-511b-7101-89a5-8bb19485905b,credit,high_spender,2135.821957445647,2026-04-21 10:05:15 +0000 UTC
019daf80-5123-708c-99f8-375b4aed8faa,019daf80-511b-7105-b4ba-0c5977240e32,current,low_spender,8581.647949513961,2026-04-21 10:05:15 +0000 UTC
019daf80-5123-7098-8aeb-9d34c62b4a19,019daf80-511b-710d-81b3-22500121a1f2,savings,normal,7262.182832692714,2026-04-21 10:05:15 +0000 UTC
019daf80-5123-70a0-b975-43790e43b19e,019daf80-511b-711d-b106-7418c2fb57a5,credit,high_spender,2478.609833613684,2026-04-21 10:05:15 +0000 UTC
019daf80-5123-70ab-a3ac-b7fc69cd7992,019daf80-511b-7121-b898-c970c59243aa,current,low_spender,7248.232194382841,2026-04-21 10:05:15 +0000 UTC
019daf80-5123-70b3-800e-e963db02eb06,019daf80-511b-7128-97a6-5d87c31afd04,savings,normal,4025.3687983810582,2026-04-21 10:05:15 +0000 UTC
019daf80-5123-70bf-8701-61039d8bb363,019daf80-511b-7130-885b-b0e9d3e5e4b5,credit,high_spender,8934.784105108467,2026-04-21 10:05:15 +0000 UTC
019daf80-5123-70c7-aa2b-5789c25af680,019daf80-511b-7134-9722-cc5adfd83d50,current,low_spender,73.80016853189674,2026-04-21 10:05:15 +0000 UTC
019daf80-5123-70d2-a194-cb5bdf4bbb60,019daf80-511b-713c-a37f-2f94be0aa25a,savings,normal,1334.4945732074953,2026-04-21 10:05:15 +0000 UTC
019daf80-5123-70da-a4c8-69f871dc4e16,019daf80-511b-7144-8d72-0254437f8f2c,credit,high_spender,8653.568692930243,2026-04-21 10:05:15 +0000 UTC
019daf80-5123-70e6-a634-14a45fe87399,019daf80-511b-714c-be0b-e01275a08a5c,current,low_spender,7032.584736248966,2026-04-21 10:05:15 +0000 UTC
019daf80-5123-7105-b286-9ef8028c8b1d,019daf80-511b-714f-9cd1-005f45257233,savings,normal,3392.0904243582913,2026-04-21 10:05:15 +0000 UTC
019daf80-5123-7111-b9e1-42b68e3e976e,019daf80-511b-7157-8ec9-0d2afc08658c,credit,high_spender,8494.301014454386,2026-04-21 10:05:15 +0000 UTC
019daf80-5123-7119-9586-3d3f5418c153,019daf80-511b-715f-b999-b0a748df4417,current,low_spender,611.9891752182805,2026-04-21 10:05:15 +0000 UTC
019daf80-5123-7124-9d70-df205ba67227,019daf80-511b-7167-b274-b7301e0d9df1,savings,normal,5021.733837705858,2026-04-21 10:05:15 +0000 UTC
019daf80-5123-7130-8730-b8950a851452,019daf80-511b-716f-a72d-9ca5c660f583,credit,high_spender,2072.243860008205,2026-04-21 10:05:15 +0000 UTC
019daf80-5123-7138-b586-988e39697e6a,019daf80-511b-7177-ae92-deb04e351780,current,low_spender,7182.299778977133,2026-04-21 10:05:15 +0000 UTC
019daf80-5123-7144-8a66-9743f441ac7d,019daf80-511b-717a-8b00-1a90514b48d7,savings,normal,890.162593154874,2026-04-21 10:05:15 +0000 UTC
019daf80-5123-714c-8356-55b0864c0311,019daf80-511b-7182-a83b-400e666522ee,credit,high_spender,4543.877809114252,2026-04-21 10:05:15 +0000 UTC
019daf80-5123-7157-8b8e-1f0d2452bf96,019daf80-511b-718a-a5c1-1d8655f91651,current,low_spender,260.4537318249966,2026-04-21 10:05:15 +0000 UTC
019daf80-5123-715f-97e8-0e8637393508,019daf80-511b-718e-a466-89fc156dafc2,savings,normal,4305.046536080571,2026-04-21 10:05:15 +0000 UTC
019daf80-5123-716b-bfb7-55bc2009a97e,019daf80-511b-7196-85d9-521f1095e80e,credit,high_spender,8978.0524378262,2026-04-21 10:05:15 +0000 UTC
019daf80-5123-7173-a888-3a2bc63eff40,019daf80-511b-719e-ae29-2aaf27aac8d8,current,low_spender,8909.257850656173,2026-04-21 10:05:15 +0000 UTC
019daf80-5123-717e-aa16-7c6ee05a394d,019daf80-511b-71ad-bccf-6bea36042d5e,savings,normal,8599.034403939051,2026-04-21 10:05:15 +0000 UTC
019daf80-5123-719a-9bce-02dc6797b987,019daf80-511b-71b1-80b5-1ae51b3d553c,credit,high_spender,8862.467985478042,2026-04-21 10:05:15 +0000 UTC
019daf80-5123-71a5-b464-b7d7cd7b2291,019daf80-511b-71b9-bd0a-447e506b8351,current,low_spender,1955.1269733819609,2026-04-21 10:05:15 +0000 UTC
019daf80-5123-71b1-99f6-f6a6e2f21d84,019daf80-511b-71c1-9b49-7e744a2135d1,savings,normal,2758.993016855463,2026-04-21 10:05:15 +0000 UTC
019daf80-5123-71b9-b244-6022199237dc,019daf80-511b-71c9-a062-4abcdbff5c15,credit,high_spender,6476.538137109113,2026-04-21 10:05:15 +0000 UTC
019daf80-5123-71c5-b9be-bfa3372a77b0,019daf80-511b-71d0-b7b3-f1e7b1adbf71,current,low_spender,374.6405312364942,2026-04-21 10:05:15 +0000 UTC
019daf80-5123-71cc-a77d-bfdbca619fa5,019daf80-511b-71d4-9bf2-d5e3c6fde52a,savings,normal,7315.959725057549,2026-04-21 10:05:15 +0000 UTC
019daf80-5123-71d8-ab7c-d0a84d7780bb,019daf80-511b-71e4-a43c-59438b9e31aa,credit,high_spender,4860.976916469748,2026-04-21 10:05:15 +0000 UTC
019daf80-5123-71e0-8345-f79369b3e151,019daf80-511b-71ec-91ea-74c7b7539901,current,low_spender,369.3096114656347,2026-04-21 10:05:15 +0000 UTC
019daf80-5123-71ec-b39e-d693974599c8,019daf80-511b-71f0-8dfe-e4858a185ce5,savings,normal,4869.423735635587,2026-04-21 10:05:15 +0000 UTC
019daf80-5123-71f7-a3b8-df8f0144880d,019daf80-511b-71f7-929f-bd60231c60ba,credit,high_spender,7603.918475897345,2026-04-21 10:05:15 +0000 UTC
019daf80-5123-71ff-a68d-38c1af14e87c,019daf80-511b-71ff-892f-7e99965c7d82,current,low_spender,6945.37730973461,2026-04-21 10:05:15 +0000 UTC
019daf80-5123-720b-a725-f5f301beead8,019daf80-511b-7207-9b6b-89de1c7415c5,savings,normal,4260.439238372456,2026-04-21 10:05:15 +0000 UTC
019daf80-5123-7213-b5c1-1765d3816fa5,019daf80-511b-720b-8689-c3916d3a7a82,credit,high_spender,6361.064801629635,2026-04-21 10:05:15 +0000 UTC
019daf80-5123-721e-a4a0-97a1c6f9c9a5,019daf80-511b-7213-b9b3-3248141b735c,current,low_spender,2913.3639381781995,2026-04-21 10:05:15 +0000 UTC
019daf80-5123-723a-8211-71316d67161e,019daf80-511b-721b-a142-e0327b1feb8a,savings,normal,562.8559051833477,2026-04-21 10:05:15 +0000 UTC
019daf80-5123-7242-ac45-521243d5424a,019daf80-511b-721e-8013-639ac5f8bd49,credit,high_spender,392.1628199066335,2026-04-21 10:05:15 +0000 UTC
019daf80-5123-724d-be81-f99f572c8703,019daf80-511b-722a-a27e-e3d42818858a,current,low_spender,2.369045654467272,2026-04-21 10:05:15 +0000 UTC
019daf80-5123-7255-8bb3-837de11af8af,019daf80-511b-722e-9aed-372c03b7d5f9,savings,normal,778.7104981467386,2026-04-21 10:05:15 +0000 UTC
019daf80-5123-7261-bd6b-49445c6b42fa,019daf80-511b-7236-9645-35078eb4e101,credit,high_spender,3309.080440804166,2026-04-21 10:05:15 +0000 UTC
019daf80-5123-7269-8817-12eebc8ba0f7,019daf80-511b-723e-b99a-96c6cbd27fd0,current,low_spender,4189.162496059444,2026-04-21 10:05:15 +0000 UTC
019daf80-5123-7274-a75a-e0de75647337,019daf80-511b-7242-aeb0-45c81b0f0e81,savings,normal,8523.838438532362,2026-04-21 10:05:15 +0000 UTC
019daf80-5123-727c-973e-0a44d028a8c7,019daf80-511b-7249-b9aa-7f817a46ccd2,credit,high_spender,8430.745561532189,2026-04-21 10:05:15 +0000 UTC
019daf80-5123-7288-8edd-80d6f95ec0f6,019daf80-511b-7251-9b27-8d31bb91bdc7,current,low_spender,6876.6452360858075,2026-04-21 10:05:15 +0000 UTC
019daf80-5123-7290-bd82-02a47a9124b9,019daf80-511b-7259-a7d7-60f4bd78ffa5,savings,normal,197.51447994454995,2026-04-21 10:05:15 +0000 UTC
019daf80-5123-729b-9e14-fd5c2f492d79,019daf80-511b-725d-9568-7350fb43a0d6,credit,high_spender,3720.321377715367,2026-04-21 10:05:15 +0000 UTC
019daf80-5123-72a3-812e-b9903d87d60d,019daf80-511b-7265-ae2a-035dd381f345,current,low_spender,7385.615965702907,2026-04-21 10:05:15 +0000 UTC
019daf80-5123-72af-9a21-c4e43883326c,019daf80-511b-726d-8749-7e1da6d63637,savings,normal,510.49029557207024,2026-04-21 10:05:15 +0000 UTC
019daf80-5123-72bf-88b7-f32c505ded1b,019daf80-511b-7278-b81d-d3ecfebf85fa,credit,high_spender,4543.147660393789,2026-04-21 10:05:15 +0000 UTC
019daf80-5123-72ca-a8ce-7836046ece12,019daf80-511b-7280-aa2b-c3e372f875bc,current,low_spender,9288.577014178449,2026-04-21 10:05:15 +0000 UTC
019daf80-5123-72d2-8f41-eb8c80ca37d7,019daf80-511b-7288-bb68-f5a714f1ec52,savings,normal,5847.151517783489,2026-04-21 10:05:15 +0000 UTC
019daf80-5123-72de-9e14-e75c9d7168a2,019daf80-511b-7290-868d-c934844be884,credit,high_spender,5677.1747872624765,2026-04-21 10:05:15 +0000 UTC
019daf80-5123-72e6-b13b-13b5840e01fc,019daf80-511b-7298-a4fe-cb1eb3ee687d,current,low_spender,4707.148724703794,2026-04-21 10:05:15 +0000 UTC
019daf80-5123-72f1-90a1-1c654daf808a,019daf80-511b-729f-9d9a-b5d601a66858,savings,normal,9654.302825506296,2026-04-21 10:05:15 +0000 UTC
019daf80-5123-72f9-a202-bfbc037bbe0b,019daf80-511b-72a3-b4b1-f0ad93094113,credit,high_spender,2599.6898947564723,2026-04-21 10:05:15 +0000 UTC
019daf80-5123-7305-a597-7aab5debe301,019daf80-511b-72ab-ac47-a8396da55550,current,low_spender,3653.971778152279,2026-04-21 10:05:15 +0000 UTC
019daf80-5123-730d-82b2-544b99d1b9b5,019daf80-511b-72b3-b8ea-a52148504455,savings,normal,9866.06984329719,2026-04-21 10:05:15 +0000 UTC
019daf80-5123-7318-8dd9-862b3dbe3b7c,019daf80-511b-72b7-b711-a9fd187228f3,credit,high_spender,8305.236904684183,2026-04-21 10:05:15 +0000 UTC
019daf80-5123-7320-b24a-33fdc883d709,019daf80-511b-72bf-9738-b50c07441d34,current,low_spender,4957.3589550432725,2026-04-21 10:05:15 +0000 UTC
019daf80-5123-732c-b3a6-c10c9b70e5d3,019daf80-511b-72c6-bc78-02d5c3524d5e,savings,normal,5586.6148517149995,2026-04-21 10:05:15 +0000 UTC
019daf80-5123-7334-a605-14f3522e4187,019daf80-511b-72ce-9830-f39e4fae1bd3,credit,high_spender,6900.862159552291,2026-04-21 10:05:15 +0000 UTC
019daf80-5123-733c-b99e-b5d016caa825,019daf80-511b-72d6-bf83-ff473535c518,current,low_spender,1467.1979421523406,2026-04-21 10:05:15 +0000 UTC
019daf80-5123-7347-9c19-0823a9f780aa,019daf80-511b-72da-a1a3-24a441357862,savings,normal,5889.462488285721,2026-04-21 10:05:15 +0000 UTC
019daf80-5123-7353-8310-5eaac8fa5e70,019daf80-511b-72e2-9ba9-b00add786dce,credit,high_spender,6951.431962268498,2026-04-21 10:05:15 +0000 UTC
019daf80-5123-735f-a2cb-2aec91363f00,019daf80-511b-72ea-8c62-22fc99073751,current,low_spender,6038.534826885349,2026-04-21 10:05:15 +0000 UTC
019daf80-5123-7367-abdd-e1734407e4fa,019daf80-511b-72ee-8efc-0ce0371d6325,savings,normal,9443.034295161831,2026-04-21 10:05:15 +0000 UTC
019daf80-5123-7376-919c-0a037289d269,019daf80-511b-72f5-9a15-f719531191e7,credit,high_spender,8803.605581765692,2026-04-21 10:05:15 +0000 UTC
019daf80-5123-7382-947b-0b94e7d762dc,019daf80-511b-72fd-a364-471d327d2942,current,low_spender,9422.798173018109,2026-04-21 10:05:15 +0000 UTC
019daf80-5123-738a-a604-7e4c3ac61e85,019daf80-511b-7301-9547-8ec6644452b8,savings,normal,2909.986639568797,2026-04-21 10:05:15 +0000 UTC
019daf80-5123-7395-a0c0-b8a0f090a91e,019daf80-511b-7309-84a2-93b301878699,credit,high_spender,9201.111791027944,2026-04-21 10:05:15 +0000 UTC
019daf80-5123-739d-ac73-acc6696799de,019daf80-511b-7311-927e-63ab51700a38,current,low_spender,3515.584619562351,2026-04-21 10:05:15 +0000 UTC
019daf80-5123-73a9-a317-1562c66a2e01,019daf80-511b-7318-ba84-117b03dfc98b,savings,normal,4457.769555562155,2026-04-21 10:05:15 +0000 UTC
019daf80-5123-73b1-8cbc-47d259fb2be5,019daf80-511b-731c-9436-f8ebaaef31eb,credit,high_spender,9887.062874985031,2026-04-21 10:05:15 +0000 UTC
019daf80-5123-73bd-b4fe-090641ddafb1,019daf80-511b-7324-8550-ee758f4117e7,current,low_spender,5861.868387245995,2026-04-21 10:05:15 +0000 UTC
019daf80-5123-73c4-ab62-9dbf7d994fb7,019daf80-511b-732c-a31b-b34667b6671c,savings,normal,9659.632479329548,2026-04-21 10:05:15 +0000 UTC
019daf80-5123-73d0-bc46-db265b1e21de,019daf80-511b-7340-8ff4-5f8fac012dd1,credit,high_spender,918.8584143435896,2026-04-21 10:05:15 +0000 UTC
019daf80-5123-73dc-a29b-e33215a24588,019daf80-511b-7343-aa76-c282501a3c20,current,low_spender,2772.82844298989,2026-04-21 10:05:15 +0000 UTC
019daf80-5123-73e4-90ad-e8a3da195ead,019daf80-511b-734b-8c6c-64f7099fb845,savings,normal,1829.2668958540014,2026-04-21 10:05:15 +0000 UTC
019daf80-5123-73ef-9d17-90a3fc9811dd,019daf80-511b-7353-bfc9-c169666e8705,credit,high_spender,1579.5996504893978,2026-04-21 10:05:15 +0000 UTC
019daf80-5123-73f7-a628-3dcce4b170f2,019daf80-511b-735b-8c06-93fa0ccbabda,current,low_spender,4246.2679143609075,2026-04-21 10:05:15 +0000 UTC
019daf80-5123-7403-a32c-cde923e54c15,019daf80-511b-7363-b031-3ee5c0b540f8,savings,normal,6323.534189378673,2026-04-21 10:05:15 +0000 UTC
019daf80-5123-740b-813d-8b7c0e67bfea,019daf80-511b-7367-8e08-328e6a20f07e,credit,high_spender,5474.357148601026,2026-04-21 10:05:15 +0000 UTC
019daf80-5123-7416-b97e-37ce2928b738,019daf80-511b-736e-a51a-0a330a5dd6b4,current,low_spender,7729.008350703162,2026-04-21 10:05:15 +0000 UTC
019daf80-5123-741e-a93e-13a0d7340a94,019daf80-511b-737e-a273-e23f77db2825,savings,normal,3470.409734855206,2026-04-21 10:05:15 +0000 UTC
019daf80-5123-7441-b631-686aeb179252,019daf80-511b-7382-83bf-416d7b0db754,credit,high_spender,5061.39865791975,2026-04-21 10:05:15 +0000 UTC
019daf80-5123-7449-a16c-f5211b9966a9,019daf80-511b-738a-af61-745bf93cb391,current,low_spender,6019.967985976352,2026-04-21 10:05:15 +0000 UTC
019daf80-5123-7455-b7a8-5e1ec5ea84a2,019daf80-511b-7392-a22e-fb6471faaa4e,savings,normal,1698.2631836244177,2026-04-21 10:05:15 +0000 UTC
019daf80-5123-745d-8af4-9ad08e4fb1a0,019daf80-511b-7395-b2d4-888b50a636f4,credit,high_spender,576.4648008742823,2026-04-21 10:05:15 +0000 UTC
019daf80-5123-7468-bddb-3e72e10024d3,019daf80-511b-739d-8536-e926714cb1e0,current,low_spender,4073.205718678931,2026-04-21 10:05:15 +0000 UTC
019daf80-5123-7474-bab4-0cce4602105e,019daf80-511b-73a9-b6c4-117710a69f03,savings,normal,8941.765667018884,2026-04-21 10:05:15 +0000 UTC
019daf80-5123-7480-8ed1-5ee03a2c00cb,019daf80-511b-73ad-917d-ba0626057fad,credit,high_spender,1543.4929714802893,2026-04-21 10:05:15 +0000 UTC
019daf80-5123-7488-82b6-6e43859e8cd4,019daf80-511b-73b5-ad92-c0f0c44d9f0c,current,low_spender,6104.931246895733,2026-04-21 10:05:15 +0000 UTC
019daf80-5123-7493-8f5e-c1f6f85ddd8f,019daf80-511b-73bd-8dfd-22fd79a5448c,savings,normal,5241.336994492258,2026-04-21 10:05:15 +0000 UTC
019daf80-5123-749b-8019-3a6c4579ad93,019daf80-511b-73c0-8d25-715a7b3ff9d5,credit,high_spender,2805.9580055120614,2026-04-21 10:05:15 +0000 UTC
019daf80-5123-74a7-9cce-db8cd35c5983,019daf80-511b-73c8-b346-b8f8f5327f1f,current,low_spender,1741.6931524738793,2026-04-21 10:05:15 +0000 UTC
019daf80-5123-74af-951b-27a2da3ac774,019daf80-511b-73d0-9b5e-dc0954a98f37,savings,normal,7369.809646425621,2026-04-21 10:05:15 +0000 UTC
019daf80-5123-74b7-b02c-433d9b0e1d71,019daf80-511b-73d8-bf9b-d4090067d438,credit,high_spender,5680.5514912948165,2026-04-21 10:05:15 +0000 UTC
019daf80-5123-74c2-acce-6ebb50f945ad,019daf80-511b-73dc-9976-8413ba3e1ca9,current,low_spender,8155.050516434125,2026-04-21 10:05:15 +0000 UTC
019daf80-5123-74ca-b6b4-7312063b8034,019daf80-511b-73e4-87b6-a17da8e3d43e,savings,normal,3708.28948819214,2026-04-21 10:05:15 +0000 UTC
019daf80-5123-74d6-956c-f8e8a989fa09,019daf80-511b-73eb-9a85-5ced40c656ef,credit,high_spender,1536.1308787575717,2026-04-21 10:05:15 +0000 UTC
019daf80-5123-74de-b280-c03e691b663a,019daf80-511b-73ef-a993-6a7a95ff71cf,current,low_spender,9198.203828224383,2026-04-21 10:05:15 +0000 UTC
019daf80-5123-74e9-a4be-6831f775bcc6,019daf80-511b-73f7-8007-3f96c8cb938e,savings,normal,6676.966328256822,2026-04-21 10:05:15 +0000 UTC
019daf80-5123-74f9-9bae-96fa417b136b,019daf80-511b-73ff-abff-c665a33211d1,credit,high_spender,9044.717024832635,2026-04-21 10:05:15 +0000 UTC
019daf80-5123-7505-9330-ace9f93c8e73,019daf80-511b-740f-bde6-fa0abfa0aede,current,low_spender,2277.3815782376682,2026-04-21 10:05:15 +0000 UTC
019daf80-5123-750c-8e0c-8583cdcc2a6b,019daf80-511b-7416-826b-5c5cefe13442,savings,normal,6508.4065151305,2026-04-21 10:05:15 +0000 UTC
019daf80-5123-7518-8247-fad47986194a,019daf80-511b-741e-b126-f42ac77653c2,credit,high_spender,9638.667774027926,2026-04-21 10:05:15 +0000 UTC
019daf80-5123-7520-9fea-991b964abdcd,019daf80-511b-7422-926e-b112093180e4,current,low_spender,8518.964653297246,2026-04-21 10:05:15 +0000 UTC
019daf80-5123-752c-9433-d334561f3fe2,019daf80-511b-742a-8fe4-9cb5cf34eb27,savings,normal,2638.7077637430652,2026-04-21 10:05:15 +0000 UTC
019daf80-5123-7534-ada6-013fc7af8e5b,019daf80-511b-7432-be2e-03fdd3e18dca,credit,high_spender,8505.741087271606,2026-04-21 10:05:15 +0000 UTC
019daf80-5123-753f-8f92-ca106a8e1956,019daf80-511b-743a-afb7-f30e9fdf9955,current,low_spender,1065.6017398040274,2026-04-21 10:05:15 +0000 UTC
019daf80-5123-7547-813c-aff6ff9a7efd,019daf80-511b-7445-82c5-868e6d8c1bc6,savings,normal,6238.894444341457,2026-04-21 10:05:15 +0000 UTC
019daf80-5123-7553-8d68-f8339062ddfd,019daf80-511b-744d-8d28-413f96ff9fe2,credit,high_spender,5535.527196986326,2026-04-21 10:05:15 +0000 UTC
019daf80-5123-755b-a1b4-298ac6ea4692,019daf80-511b-7455-8fcb-54ddd2610129,current,low_spender,4853.6488072842085,2026-04-21 10:05:15 +0000 UTC
019daf80-5123-7566-9482-f149967fa6ef,019daf80-511b-7459-808f-66dfc8ec136e,savings,normal,7984.344689483071,2026-04-21 10:05:15 +0000 UTC
019daf80-5123-756e-bfdd-ec394fa1110b,019daf80-511b-7461-b515-91987c98284a,credit,high_spender,1478.9272999465409,2026-04-21 10:05:15 +0000 UTC
019daf80-5123-7576-ba82-38058219589c,019daf80-511b-7484-b315-976bec89a962,current,low_spender,3453.899523360178,2026-04-21 10:05:15 +0000 UTC
019daf80-5123-7589-9fda-fb90e791e6c5,019daf80-511b-7488-af79-160e296d3116,savings,normal,2683.806683831288,2026-04-21 10:05:15 +0000 UTC
019daf80-5123-7591-ba13-a38a18476cd2,019daf80-511b-748f-bf51-23cb89f5441e,credit,high_spender,3993.2832842897137,2026-04-21 10:05:15 +0000 UTC
019daf80-5123-759d-b951-e42c18a9dfea,019daf80-511b-7497-9a97-e4892405d19f,current,low_spender,1872.1072622643876,2026-04-21 10:05:15 +0000 UTC
019daf80-5123-75a5-b80c-c41349cf7903,019daf80-511b-749b-a8c5-aefa8e080431,savings,normal,8647.796624779177,2026-04-21 10:05:15 +0000 UTC
019daf80-5123-75b1-99e3-991b57017816,019daf80-511b-74a3-8b22-65823ce05fb8,credit,high_spender,8287.989791937865,2026-04-21 10:05:15 +0000 UTC
019daf80-5123-75bc-bab8-2c46be826711,019daf80-511b-74ab-b776-f84ad398b60a,current,low_spender,5586.731415722589,2026-04-21 10:05:15 +0000 UTC
019daf80-5123-75c4-a7cb-4889f2ef01c5,019daf80-511b-74b3-91ef-e562e9b2b0ae,savings,normal,5609.304369294376,2026-04-21 10:05:15 +0000 UTC
019daf80-5123-75e7-8bde-9c0972775b22,019daf80-511b-74b7-9234-065005c5b81a,credit,high_spender,1611.9975482443815,2026-04-21 10:05:15 +0000 UTC
019daf80-5123-75f3-8d3c-0589e403efb6,019daf80-511b-74be-b8a0-c2bfac1304f8,current,low_spender,8442.039841867176,2026-04-21 10:05:15 +0000 UTC
019daf80-5123-75fb-9037-08b52edaf45e,019daf80-511b-74c6-8a76-f7f8ee8f7084,savings,normal,6599.832143129139,2026-04-21 10:05:15 +0000 UTC
019daf80-5123-7603-b113-9fed06dfbc01,019daf80-511b-74ca-9e8c-e9f4b46ce5ff,credit,high_spender,1001.4850389727864,2026-04-21 10:05:15 +0000 UTC
019daf80-5123-760e-a29c-a79a8dbfdd73,019daf80-511b-74d2-8a02-9e3c7d03b327,current,low_spender,4285.680627744789,2026-04-21 10:05:15 +0000 UTC
019daf80-5123-761e-bf18-693eb3a8704e,019daf80-511b-74da-bd81-db558b847d63,savings,normal,383.8249042710801,2026-04-21 10:05:15 +0000 UTC
019daf80-5123-762a-aa47-69739ce024d8,019daf80-511b-74e2-ad7a-7755142eafdd,credit,high_spender,8672.760360053728,2026-04-21 10:05:15 +0000 UTC
019daf80-5123-7635-87ad-0ebb0dca0426,019daf80-511b-74ed-a7a2-9f2fcae22805,current,low_spender,4387.843557078765,2026-04-21 10:05:15 +0000 UTC
019daf80-5123-763d-9ef9-12dd93c46a5d,019daf80-511b-74f5-bf38-5b861734dff5,savings,normal,2763.4882352749514,2026-04-21 10:05:15 +0000 UTC
019daf80-5123-7649-9075-7de0558c2dcc,019daf80-511b-74fd-abe3-5c9b3f7d0b0e,credit,high_spender,6481.181201132761,2026-04-21 10:05:15 +0000 UTC
019daf80-5123-7651-ba40-5912f7bb0d32,019daf80-511b-7505-8c59-bdd633e747f0,current,low_spender,3910.9838739232778,2026-04-21 10:05:15 +0000 UTC
019daf80-5123-765c-93e0-ada0f2097fdf,019daf80-511b-750c-a94e-650fbe3e5635,savings,normal,104.56795475896175,2026-04-21 10:05:15 +0000 UTC
019daf80-5123-7664-9647-d31405246081,019daf80-511b-7514-a2fa-df4bc566dc1d,credit,high_spender,1552.3121791249396,2026-04-21 10:05:15 +0000 UTC
019daf80-5123-7670-a1f9-f67429d1a604,019daf80-511b-7524-833d-18f3cf848582,current,low_spender,216.38684585051638,2026-04-21 10:05:15 +0000 UTC
019daf80-5123-7678-abeb-be2411a0997e,019daf80-511b-752c-9c37-d2ea4561ecc5,savings,normal,7981.462879698428,2026-04-21 10:05:15 +0000 UTC
019daf80-5123-7683-b929-f867b98761d3,019daf80-511b-7530-90dc-f28fa5902b1b,credit,high_spender,2265.1783484749644,2026-04-21 10:05:15 +0000 UTC
019daf80-5123-7693-b6a1-1ba794be529a,019daf80-511b-7537-a481-117af54479d2,current,low_spender,6049.5004644930095,2026-04-21 10:05:15 +0000 UTC
019daf80-5123-769b-b81e-eaf37af0f4f8,019daf80-511b-753f-990f-f33a2fb7fab1,savings,normal,712.8449018883904,2026-04-21 10:05:15 +0000 UTC
019daf80-5123-76a7-b9df-b79d2e0de557,019daf80-511b-7543-a166-9d269428dd59,credit,high_spender,7828.243144868219,2026-04-21 10:05:15 +0000 UTC
019daf80-5123-76ae-a700-2d53f7018306,019daf80-511b-754b-917f-19f6f6577cf3,current,low_spender,9006.487060083131,2026-04-21 10:05:15 +0000 UTC
019daf80-5123-76ba-a34a-d8e25fef8940,019daf80-511b-7553-969e-c81ee2a5c83b,savings,normal,7829.415221102851,2026-04-21 10:05:15 +0000 UTC
019daf80-5123-76c6-8203-ae06ebcca1c7,019daf80-511b-7557-9d1c-9dc609f41b5f,credit,high_spender,6995.059693682011,2026-04-21 10:05:15 +0000 UTC
019daf80-5123-76ce-8c60-8f3fff9be0ce,019daf80-511b-755f-ad75-ead7bffad367,current,low_spender,484.18864231366985,2026-04-21 10:05:15 +0000 UTC
019daf80-5123-76d9-ae7c-78c3681c95cf,019daf80-511b-7566-8723-17bf14ae3f53,savings,normal,7196.444020993829,2026-04-21 10:05:15 +0000 UTC
019daf80-5123-76e1-b235-b5778bef4809,019daf80-511b-756a-ab8c-2178da6ec06a,credit,high_spender,6164.514962388192,2026-04-21 10:05:15 +0000 UTC
019daf80-5123-76ed-b1cb-24e6029c7a39,019daf80-511b-7572-9f6d-cee163f44c7a,current,low_spender,585.6331199795272,2026-04-21 10:05:15 +0000 UTC
019daf80-5123-76f5-9570-8b10f00fe6a6,019daf80-511b-757a-ad16-d7160edf54e3,savings,normal,9710.022905145888,2026-04-21 10:05:15 +0000 UTC
019daf80-5123-7700-98be-f78a82840690,019daf80-511b-7582-b15a-0c016beb501b,credit,high_spender,9748.620455313352,2026-04-21 10:05:15 +0000 UTC
019daf80-5123-7708-8215-39fd5c6d96ec,019daf80-511b-7591-8bbf-65a56e53e405,current,low_spender,7191.657925898667,2026-04-21 10:05:15 +0000 UTC
019daf80-5123-7714-b20b-de3b9f7baf26,019daf80-511b-7595-837e-c997859f798f,savings,normal,8184.472137362203,2026-04-21 10:05:15 +0000 UTC
019daf80-5123-771c-a2b8-8dcbe26ff4af,019daf80-511b-759d-b496-7b73f61365a8,credit,high_spender,720.4180628929396,2026-04-21 10:05:15 +0000 UTC
019daf80-5123-7728-a965-af5275c218b2,019daf80-511b-75a5-8f74-45a971b2b713,current,low_spender,6317.352553819431,2026-04-21 10:05:15 +0000 UTC
019daf80-5123-772f-9092-f44404f19835,019daf80-511b-75a9-847a-9f3fdda8f746,savings,normal,8051.817812357316,2026-04-21 10:05:15 +0000 UTC
019daf80-5123-773f-ad82-f4c69d204c56,019daf80-511b-75b1-9c0a-e9097b70aca3,credit,high_spender,2820.010743328597,2026-04-21 10:05:15 +0000 UTC
019daf80-5123-774b-bc3f-a324dd5bb290,019daf80-511b-75b8-912d-016a6ddac864,current,low_spender,3426.8209825177028,2026-04-21 10:05:15 +0000 UTC
019daf80-5123-7756-940a-77d8c643a393,019daf80-511b-75c0-8d99-962d156a622f,savings,normal,2694.2272103415944,2026-04-21 10:05:15 +0000 UTC
019daf80-5123-775e-afec-9fbf1d99102d,019daf80-511b-75d0-903a-b911e78e3a43,credit,high_spender,5798.0371939617635,2026-04-21 10:05:15 +0000 UTC
019daf80-5123-776a-9ec5-14a14deab466,019daf80-511b-75d4-a475-3d95c755044a,current,low_spender,9103.101067088523,2026-04-21 10:05:15 +0000 UTC
019daf80-5123-7772-bb8b-a282030c62d4,019daf80-511b-75dc-9dad-2f9b889b865f,savings,normal,5437.220546158303,2026-04-21 10:05:15 +0000 UTC
019daf80-5123-777d-9920-939c38951ead,019daf80-511b-75e3-bf33-0c74cfa6b57e,credit,high_spender,3396.8133606430347,2026-04-21 10:05:15 +0000 UTC
019daf80-5123-7785-be5f-01c59ade91cf,019daf80-511b-75eb-a632-a9dbd6484266,current,low_spender,445.3197326293551,2026-04-21 10:05:15 +0000 UTC
019daf80-5123-7791-83db-561dd58c7699,019daf80-511b-75ef-9114-cb9d79dba77b,savings,normal,1981.9131424137759,2026-04-21 10:05:15 +0000 UTC
019daf80-5123-7799-af8d-548d7cf5966c,019daf80-511b-75f7-96db-0fd27d49c623,credit,high_spender,9023.802843707412,2026-04-21 10:05:15 +0000 UTC
019daf80-5123-77a5-8027-b3460f4d8bef,019daf80-511b-75ff-a682-85e03a420e73,current,low_spender,5544.289768724286,2026-04-21 10:05:15 +0000 UTC
019daf80-5123-77ac-b812-eeb108b44246,019daf80-511b-7606-9ad8-76de861348f6,savings,normal,9690.375976705578,2026-04-21 10:05:15 +0000 UTC
019daf80-5123-77b8-bc14-e79d2ffb414a,019daf80-511b-760e-af0b-60aa690cb7c8,credit,high_spender,9792.082022014269,2026-04-21 10:05:15 +0000 UTC
019daf80-5123-77c0-88e5-5bdf49c6fe42,019daf80-511b-7616-8f51-52f4994f74f7,current,low_spender,4345.263521584896,2026-04-21 10:05:15 +0000 UTC
019daf80-5123-77d3-9585-81d6778a5179,019daf80-511b-761a-b386-08f2d9e91621,savings,normal,2720.91805266863,2026-04-21 10:05:15 +0000 UTC
019daf80-5123-77db-9c04-286b774535d8,019daf80-511b-7622-9c97-3f1bc7249815,credit,high_spender,1694.8102436173651,2026-04-21 10:05:15 +0000 UTC
019daf80-5123-77e7-841c-368f2af12baa,019daf80-511b-762a-8bca-fda3338813fd,current,low_spender,5088.458735918489,2026-04-21 10:05:15 +0000 UTC
019daf80-5123-77ef-9f72-bcb2cece4278,019daf80-511b-762e-a6bc-f3778560b1c7,savings,normal,8538.462538836335,2026-04-21 10:05:15 +0000 UTC
019daf80-5123-77fa-81a3-b5a420051b6c,019daf80-511b-7635-b377-10d776ef2491,credit,high_spender,5508.4515717150325,2026-04-21 10:05:15 +0000 UTC
019daf80-5123-7802-8176-bb749b00f173,019daf80-511b-763d-b450-f561769eb38b,current,low_spender,3876.4158208702065,2026-04-21 10:05:15 +0000 UTC
019daf80-5123-780e-b990-8be0d412a278,019daf80-511b-7645-ab91-4d330333aa6f,savings,normal,2968.814509055876,2026-04-21 10:05:15 +0000 UTC
019daf80-5123-781a-af79-5424edb6204b,019daf80-511b-7649-aaf2-60bf6a660c52,credit,high_spender,6939.5475031701935,2026-04-21 10:05:15 +0000 UTC
019daf80-5123-7822-8efd-5df0f82eb811,019daf80-511b-7651-a382-41d522c24bb4,current,low_spender,1409.1326258624626,2026-04-21 10:05:15 +0000 UTC
019daf80-5123-782d-9183-9caa7a3141a0,019daf80-511b-7659-9279-90806c242b2f,savings,normal,6381.104157956606,2026-04-21 10:05:15 +0000 UTC
019daf80-5123-7835-8c3c-036da991aee6,019daf80-511b-765c-961d-4be123152029,credit,high_spender,6884.992047827671,2026-04-21 10:05:15 +0000 UTC
019daf80-5123-7841-9c00-be4282792d98,019daf80-511b-7664-99c0-725e8f7c60f1,current,low_spender,7285.609606756089,2026-04-21 10:05:15 +0000 UTC
019daf80-5123-7849-b154-00e2c2b2a0de,019daf80-511b-766c-a95c-aa675226f33a,savings,normal,7004.545969787798,2026-04-21 10:05:15 +0000 UTC
019daf80-5123-7864-bc4f-e0a26f9f0c9f,019daf80-511b-7670-b8e8-0e42bebe474e,credit,high_spender,1551.2175574332,2026-04-21 10:05:15 +0000 UTC
019daf80-5123-7870-aafc-06c35872fb31,019daf80-511b-7678-bf2c-5af4c4908bd7,current,low_spender,7536.193247730296,2026-04-21 10:05:15 +0000 UTC
019daf80-5123-7877-b39e-4351063f7deb,019daf80-511b-7687-92ea-aac225cb3a6a,savings,normal,6882.175801454381,2026-04-21 10:05:15 +0000 UTC
019daf80-5123-7883-bbd2-f4b2d53ae0b9,019daf80-511b-768f-b962-e0344fb134ac,credit,high_spender,5383.844273217642,2026-04-21 10:05:15 +0000 UTC
019daf80-5123-788b-92dc-b37c3c4c67e3,019daf80-511b-7697-927a-ff09138676b1,current,low_spender,7139.62294011578,2026-04-21 10:05:15 +0000 UTC
019daf80-5123-7897-8c18-bafcbddda0f5,019daf80-511b-769f-a3a1-18d49045bfd0,savings,normal,6654.57985105384,2026-04-21 10:05:15 +0000 UTC
019daf80-5123-789f-b965-38c3384b2243,019daf80-511b-76a3-a959-a649bd9ca3eb,credit,high_spender,27.68881028457182,2026-04-21 10:05:15 +0000 UTC
019daf80-5123-78aa-b59e-a388ffe6b13d,019daf80-511b-76ab-b146-b77ab6bba27f,current,low_spender,6664.97664124549,2026-04-21 10:05:15 +0000 UTC
019daf80-5123-78b2-80dd-f0d5748b5066,019daf80-511b-76b2-97f6-a3b9e60f3b13,savings,normal,8038.015544113729,2026-04-21 10:05:15 +0000 UTC
019daf80-5123-78be-a381-0b09542d65ca,019daf80-511b-76b6-9298-07ff9c4682d3,credit,high_spender,7958.849776277165,2026-04-21 10:05:15 +0000 UTC
019daf80-5123-78c6-892e-0655a7fa50a3,019daf80-511b-76be-9d51-deac2712819c,current,low_spender,8169.8884360950005,2026-04-21 10:05:15 +0000 UTC
019daf80-5123-78d1-afa5-7ec22852bb87,019daf80-511b-76c6-9ce7-0cb9ea6fbbb1,savings,normal,4693.464616755272,2026-04-21 10:05:15 +0000 UTC
019daf80-5123-78dd-bfc8-32801101024b,019daf80-511b-76ca-bec6-10c5721128ab,credit,high_spender,6932.72374407438,2026-04-21 10:05:15 +0000 UTC
019daf80-5123-78e5-a6b1-d1a3985b7564,019daf80-511b-76d2-8506-f3004a0dc5d0,current,low_spender,858.0953225417664,2026-04-21 10:05:15 +0000 UTC
019daf80-5123-78f4-bfcc-fcf7621251ec,019daf80-511b-76d9-b6be-84ef60d72930,savings,normal,5594.468937303081,2026-04-21 10:05:15 +0000 UTC
019daf80-5123-7900-b768-34107e247d35,019daf80-511b-76e1-905b-ee51c2ed525c,credit,high_spender,1783.8807562797838,2026-04-21 10:05:15 +0000 UTC
019daf80-5123-7908-8f26-086efb950a68,019daf80-511b-76e5-bc5b-1a20d34d4f9d,current,low_spender,5380.367419049764,2026-04-21 10:05:15 +0000 UTC
019daf80-5123-7914-ba64-5c1a284b34ff,019daf80-511b-76ed-bca5-c96d2723c0bf,savings,normal,3330.001929710898,2026-04-21 10:05:15 +0000 UTC
019daf80-5123-791c-a8c0-827c3f9951d8,019daf80-511b-76f5-aaf7-24a483febe41,credit,high_spender,5302.824504253247,2026-04-21 10:05:15 +0000 UTC
019daf80-5123-7927-aed6-7386efc10cd1,019daf80-511b-76f9-969d-1f5868f92a1b,current,low_spender,3732.081121086504,2026-04-21 10:05:15 +0000 UTC
019daf80-5123-792f-ad07-616f6be027c7,019daf80-511b-7700-a5d5-c331f8d8aa34,savings,normal,5337.077884750612,2026-04-21 10:05:15 +0000 UTC
019daf80-5123-793b-85af-1f15cdbdecd2,019daf80-511b-7708-b415-53ddaa0581ec,credit,high_spender,9092.71821840402,2026-04-21 10:05:15 +0000 UTC
019daf80-5123-7943-8479-9b0fed564b70,019daf80-511b-7710-a0f0-1453f5eceac3,current,low_spender,7996.735688829385,2026-04-21 10:05:15 +0000 UTC
019daf80-5123-794e-b399-179d6935da09,019daf80-511b-7714-b48b-13684b0b7743,savings,normal,3.6580944793812575,2026-04-21 10:05:15 +0000 UTC
019daf80-5123-7956-84bd-fb28f8a2fc21,019daf80-511b-771c-9ea9-863bc4bdae0f,credit,high_spender,3764.0372243071874,2026-04-21 10:05:15 +0000 UTC
019daf80-5123-7962-929b-98dc33dd2620,019daf80-511b-7724-b832-fbb303c6e259,current,low_spender,1981.3801067153074,2026-04-21 10:05:15 +0000 UTC
019daf80-5123-796a-a8fb-0e4811589719,019daf80-511b-7728-ac61-f6f2a5000bde,savings,normal,7078.873143916432,2026-04-21 10:05:15 +0000 UTC
019daf80-5123-7975-af17-5d2b4d1694c4,019daf80-511b-772f-89ba-68d109a2355f,credit,high_spender,7381.9034773021285,2026-04-21 10:05:15 +0000 UTC
019daf80-5123-7981-97a8-5051638506e1,019daf80-511b-773f-9dd7-1fbf52aeafe6,current,low_spender,9898.147641781821,2026-04-21 10:05:15 +0000 UTC
019daf80-5123-799c-9bfa-28fae1f13ddb,019daf80-511b-7747-b3ad-0e95e7a7ef20,savings,normal,2949.4546266357625,2026-04-21 10:05:15 +0000 UTC
019daf80-5123-79a4-96b0-f510aca2bd79,019daf80-511b-775a-a5b4-6c12edf77a7e,credit,high_spender,2349.657364888133,2026-04-21 10:05:15 +0000 UTC
019daf80-5123-79b0-a462-3ecba4fe4303,019daf80-511b-775e-8591-e75eb5c480c4,current,low_spender,880.7293601547744,2026-04-21 10:05:15 +0000 UTC
019daf80-5123-79bc-ba3b-6a6d59c873fa,019daf80-511b-7766-9389-f015df6f3ec4,savings,normal,9891.025157869155,2026-04-21 10:05:15 +0000 UTC
019daf80-5123-79c7-99ab-5f4b172bc5c2,019daf80-511b-776e-b951-fbe776d6d396,credit,high_spender,194.71527355115649,2026-04-21 10:05:15 +0000 UTC
019daf80-5123-79cf-b1da-7148ee9378cf,019daf80-511b-7776-b966-2b7357126223,current,low_spender,9079.887752920247,2026-04-21 10:05:15 +0000 UTC
019daf80-5123-79db-9a9f-d98d4c1e4f67,019daf80-511b-777a-be88-8a40c94c4f8b,savings,normal,1331.2296843134775,2026-04-21 10:05:15 +0000 UTC
019daf80-5123-79e3-82af-86a0e01e27e8,019daf80-511b-7781-b07f-d79322b92a97,credit,high_spender,6600.50361584693,2026-04-21 10:05:15 +0000 UTC
019daf80-5123-79ee-b812-a64fbc200b20,019daf80-511b-7789-80d2-ff4703b53cf8,current,low_spender,3419.8529937742196,2026-04-21 10:05:15 +0000 UTC
019daf80-5123-79f6-9a17-4c96c6b01566,019daf80-511b-778d-b787-bd9426d24495,savings,normal,7589.221219155654,2026-04-21 10:05:15 +0000 UTC
019daf80-5123-79fe-9f60-b7b6fd353f9d,019daf80-511b-7795-b744-8727b2ebe470,credit,high_spender,5612.20696597729,2026-04-21 10:05:15 +0000 UTC
019daf80-5123-7a0a-a974-b6c81d96f19f,019daf80-511b-779d-ba19-f4aba84355b2,current,low_spender,5519.902767537249,2026-04-21 10:05:15 +0000 UTC
019daf80-5123-7a16-812f-c900bc882000,019daf80-511b-77a5-ae14-502ffb3591ef,savings,normal,7537.119399895709,2026-04-21 10:05:15 +0000 UTC
019daf80-5123-7a1d-a148-d01d235f75b5,019daf80-511b-77a8-8fd9-e5667e2abfd3,credit,high_spender,5782.756931729193,2026-04-21 10:05:15 +0000 UTC
019daf80-5123-7a29-bc7f-3eccbeb8e0c1,019daf80-511b-77b0-a946-fd8695c4217e,current,low_spender,8956.684623393523,2026-04-21 10:05:15 +0000 UTC
019daf80-5123-7a31-9c23-2a28f53b68b1,019daf80-511b-77b8-ae16-194b8367f381,savings,normal,5982.210952973084,2026-04-21 10:05:15 +0000 UTC
019daf80-5123-7a3d-b4f2-50f61c2c3e86,019daf80-511b-77c0-b863-c88ad96c4a96,credit,high_spender,5288.485786773442,2026-04-21 10:05:15 +0000 UTC
019daf80-5123-7a44-993f-31bf2cc8fbac,019daf80-511b-77c4-9d77-fe3cf2b4f57a,current,low_spender,5624.956170992549,2026-04-21 10:05:15 +0000 UTC
019daf80-5123-7a50-a1cb-39073b1a7075,019daf80-511b-77cc-8d77-7ae0a2e5e091,savings,normal,6572.556640400514,2026-04-21 10:05:15 +0000 UTC
019daf80-5123-7a5c-907b-638adf775639,019daf80-511b-77d3-bba6-4f778ac98125,credit,high_spender,3179.366746369822,2026-04-21 10:05:15 +0000 UTC
019daf80-5123-7a64-80d5-5f2f3da05845,019daf80-511b-77d7-91c7-2ab401c10c78,current,low_spender,8578.077641246156,2026-04-21 10:05:15 +0000 UTC
019daf80-5123-7a6f-a868-23d373eab3ad,019daf80-511b-77df-a9c3-9ae05bca790b,savings,normal,8783.617217708404,2026-04-21 10:05:15 +0000 UTC
019daf80-5123-7a77-9ded-b135b4475efa,019daf80-511b-77e7-80b3-a0645e96355b,credit,high_spender,296.45423154691207,2026-04-21 10:05:15 +0000 UTC
019daf80-5123-7a83-98d1-ae7363e32c79,019daf80-511b-781e-b5d5-6ee8340b9e76,current,low_spender,5470.244290217137,2026-04-21 10:05:15 +0000 UTC
019daf80-5123-7a8b-8912-b9d6c6efe806,019daf80-511b-7825-a7f2-6c652750e7f0,savings,normal,1090.4670538554983,2026-04-21 10:05:15 +0000 UTC
019daf80-5123-7a96-b7de-f0dc0f02d221,019daf80-511b-7829-9689-6e00b0b09afd,credit,high_spender,4434.104399703801,2026-04-21 10:05:15 +0000 UTC
019daf80-5123-7aa2-a211-d145ed9882db,019daf80-511b-7831-af5c-1694e4f2ea3e,current,low_spender,9365.488127474928,2026-04-21 10:05:15 +0000 UTC
019daf80-5123-7aaa-866c-10ece201a0d3,019daf80-511b-7839-9dec-fa1d63a2983e,savings,normal,9575.598910039189,2026-04-21 10:05:15 +0000 UTC
019daf80-5123-7ab6-8bcf-ca55c742a176,019daf80-511b-7849-837e-2e4b688b7252,credit,high_spender,8999.198954932577,2026-04-21 10:05:15 +0000 UTC
019daf80-5123-7abe-af7d-5604e732b03a,019daf80-511b-7850-b7fc-40b935827595,current,low_spender,1080.0025341948754,2026-04-21 10:05:15 +0000 UTC
019daf80-5123-7ac9-b352-5d7ff9ae93e2,019daf80-511b-7854-8da5-4f3f9dcae3da,savings,normal,6134.200697930903,2026-04-21 10:05:15 +0000 UTC
019daf80-5123-7ad1-a6d2-06879b79c7da,019daf80-511b-785c-b569-2de5e4b65446,credit,high_spender,6112.59831432147,2026-04-21 10:05:15 +0000 UTC
019daf80-5123-7add-857e-445470ec189a,019daf80-511b-7864-aa08-9225bf953d62,current,low_spender,7744.767140607259,2026-04-21 10:05:15 +0000 UTC
019daf80-5123-7ae5-98ee-0a826f06fecc,019daf80-511b-786c-b917-8ee780615b51,savings,normal,7417.380256218095,2026-04-21 10:05:15 +0000 UTC
019daf80-5123-7af0-9c39-be15f5e2c1bc,019daf80-511b-7870-b04e-769da2a5129a,credit,high_spender,7910.461321119678,2026-04-21 10:05:15 +0000 UTC
019daf80-5123-7af8-ba4d-b72ba8643def,019daf80-511b-7877-900d-0a81eed6b274,current,low_spender,7175.716460324745,2026-04-21 10:05:15 +0000 UTC
019daf80-5123-7b04-b4d3-cac95741597e,019daf80-511b-787f-97a2-fcd70ca1a6b3,savings,normal,4116.896047917657,2026-04-21 10:05:15 +0000 UTC
019daf80-5123-7b10-8696-057ac66c9d37,019daf80-511b-7887-88dd-a607951a9d0d,credit,high_spender,3245.955692881614,2026-04-21 10:05:15 +0000 UTC
019daf80-5123-7b17-9cf6-00de027d76db,019daf80-511b-788b-aeb5-3d48c032ea33,current,low_spender,6552.870826682949,2026-04-21 10:05:15 +0000 UTC
019daf80-5123-7b23-82c0-0059a778408c,019daf80-511b-7893-a3f1-553b31a10ab8,savings,normal,8572.860335217158,2026-04-21 10:05:15 +0000 UTC
019daf80-5123-7b2b-bee4-be3bd45ae4d5,019daf80-511b-789b-8a1f-9e76a40063af,credit,high_spender,6304.224414884268,2026-04-21 10:05:15 +0000 UTC
019daf80-5123-7b37-9057-c1411bd289fc,019daf80-511b-78a2-9ae3-1e80fc4b956c,current,low_spender,2700.742356621368,2026-04-21 10:05:15 +0000 UTC
019daf80-5123-7b3e-8925-c93e52c78b7b,019daf80-511b-78aa-9368-18b2d559a15b,savings,normal,4698.134694625569,2026-04-21 10:05:15 +0000 UTC
019daf80-5123-7b4a-8046-2122036fbc0d,019daf80-511b-78ae-b954-93cc308e724a,credit,high_spender,9785.23572874381,2026-04-21 10:05:15 +0000 UTC
019daf80-5123-7b52-8ac2-ba45648f5b04,019daf80-511b-78b6-aa69-f65cedaa3637,current,low_spender,4538.74984469204,2026-04-21 10:05:15 +0000 UTC
019daf80-5123-7b5e-b0c5-abcf8bd821a5,019daf80-511b-78be-bbda-d8726178f566,savings,normal,3671.558104157105,2026-04-21 10:05:15 +0000 UTC
019daf80-5123-7b65-b13f-124d528b0e11,019daf80-511b-78c6-a6af-af65677e8057,credit,high_spender,3466.217113431277,2026-04-21 10:05:15 +0000 UTC
019daf80-5123-7b71-88ad-98f017e13f23,019daf80-511b-78ca-8eeb-12e682813879,current,low_spender,1546.8685909795438,2026-04-21 10:05:15 +0000 UTC
019daf80-5123-7b79-9d1b-f7feb2e5977a,019daf80-511b-78d1-897f-3a91ba27ca74,savings,normal,1635.6962650443957,2026-04-21 10:05:15 +0000 UTC
019daf80-5123-7b85-9839-29f6d2ab6f9a,019daf80-511b-78d9-97b1-982dd36f2429,credit,high_spender,3992.5105590978424,2026-04-21 10:05:15 +0000 UTC
019daf80-5123-7b8d-a361-781fa1e2b529,019daf80-511b-78e1-8a3f-15b6347ab099,current,low_spender,7013.5427322737305,2026-04-21 10:05:15 +0000 UTC
019daf80-5123-7b98-8adc-26bc85419ac3,019daf80-511b-78e5-94db-a3242342f4cf,savings,normal,9899.925196126564,2026-04-21 10:05:15 +0000 UTC
019daf80-5123-7ba0-b918-6b70f1e59473,019daf80-511b-78ed-96a8-692cd854ba02,credit,high_spender,2831.377859802844,2026-04-21 10:05:15 +0000 UTC
019daf80-5123-7bac-8e38-fcc10bd70799,019daf80-511b-78f4-9617-455f29ffd4b9,current,low_spender,6203.051283244449,2026-04-21 10:05:15 +0000 UTC
019daf80-5123-7bb4-b2bf-954fc91a0207,019daf80-511b-78f8-bf82-3307604fdc57,savings,normal,2423.2713570069263,2026-04-21 10:05:15 +0000 UTC
019daf80-5123-7bbf-b0bb-a90fa8bb9b84,019daf80-511b-7908-8b23-aa296a734ef7,credit,high_spender,2220.5329769833493,2026-04-21 10:05:15 +0000 UTC
019daf80-5123-7bcb-9e09-a0e5e9e383f9,019daf80-511b-7910-8b4f-75f20ccc0720,current,low_spender,2126.4347273552507,2026-04-21 10:05:15 +0000 UTC
019daf80-5123-7bd3-9cc2-5f3dbc31c24c,019daf80-511b-7918-867d-728bcf82a229,savings,normal,2795.409246380102,2026-04-21 10:05:15 +0000 UTC
019daf80-5123-7bdf-8b17-69e99562fc13,019daf80-511b-791c-a484-99117e636790,credit,high_spender,4692.315467997024,2026-04-21 10:05:15 +0000 UTC
019daf80-5123-7be6-8d06-628d4a72858d,019daf80-511b-7923-9f35-6de3d405959b,current,low_spender,4533.901950385997,2026-04-21 10:05:15 +0000 UTC
019daf80-5123-7bf2-aea4-c39ccedf798e,019daf80-511b-792b-a7aa-6dbaa66d0f21,savings,normal,2176.536450496739,2026-04-21 10:05:15 +0000 UTC
019daf80-5123-7bfa-aee7-e58ba49ae9aa,019daf80-511b-7933-8560-15d5707e0cf5,credit,high_spender,9254.24811862095,2026-04-21 10:05:15 +0000 UTC
019daf80-5123-7c06-920b-973a66f576a5,019daf80-511b-7937-80ca-188f4f779f9d,current,low_spender,3222.018409261436,2026-04-21 10:05:15 +0000 UTC
019daf80-5123-7c0d-849a-fd0587bd30e1,019daf80-511b-7947-8e6d-a77101e7ba34,savings,normal,8322.344388394813,2026-04-21 10:05:15 +0000 UTC
019daf80-5123-7c19-ab06-43cbd317d676,019daf80-511b-794e-a7e8-a25b3437ada8,credit,high_spender,3577.5113287868303,2026-04-21 10:05:15 +0000 UTC
019daf80-5123-7c21-8b49-38a95afa4a1e,019daf80-511b-7956-a7fb-77a6a7828035,current,low_spender,9414.083164114461,2026-04-21 10:05:15 +0000 UTC
019daf80-5123-7c2d-b2a5-b9b2ecfbe9a7,019daf80-511b-795e-a03e-785ed5ba8f8c,savings,normal,8223.577819260503,2026-04-21 10:05:15 +0000 UTC
019daf80-5123-7c35-a67b-dcead6522774,019daf80-511b-7962-a162-75004eb47593,credit,high_spender,4560.287218659142,2026-04-21 10:05:15 +0000 UTC
019daf80-5123-7c40-998c-d1dab3a1a748,019daf80-511b-796a-9f79-64ceaa9a1291,current,low_spender,8671.022300903816,2026-04-21 10:05:15 +0000 UTC
019daf80-5123-7c48-b66b-1517b025dd40,019daf80-511b-7971-acd7-17c29a84a28b,savings,normal,5338.39818327728,2026-04-21 10:05:15 +0000 UTC
019daf80-5123-7c54-9a73-5fb1bd89ec9d,019daf80-511b-7979-ae23-fd633d924cb0,credit,high_spender,3080.9504502136815,2026-04-21 10:05:15 +0000 UTC
019daf80-5123-7c5c-a8aa-d9472d4b76df,019daf80-511b-797d-a795-989c8a08d9b2,current,low_spender,4106.342825423546,2026-04-21 10:05:15 +0000 UTC
019daf80-5123-7c67-902a-547a7ad5beb2,019daf80-511b-7985-b9b9-182578ba5bcf,savings,normal,9789.916868664508,2026-04-21 10:05:15 +0000 UTC
019daf80-5123-7c6f-80e3-f0ed27117fcf,019daf80-511b-798d-be13-4c07f82142f1,credit,high_spender,6352.227464252689,2026-04-21 10:05:15 +0000 UTC
019daf80-5123-7c7b-83ff-c6801708ce4a,019daf80-511b-7991-a941-e4c73d1173ab,current,low_spender,6.448851170947623,2026-04-21 10:05:15 +0000 UTC
019daf80-5123-7c83-89c6-0f6fcc88f938,019daf80-511b-7999-a224-85d909956f1d,savings,normal,3986.0659017093717,2026-04-21 10:05:15 +0000 UTC
019daf80-5123-7c8e-8fa9-ba981f4553b7,019daf80-511b-79a0-9c18-a94bdae41c28,credit,high_spender,6867.937597580192,2026-04-21 10:05:15 +0000 UTC
019daf80-5123-7c96-87f5-98c0bcd72635,019daf80-511b-79a8-8aab-c0b7f3c54843,current,low_spender,3046.9290500454267,2026-04-21 10:05:15 +0000 UTC
019daf80-5123-7ca2-86d5-df95e4490e5b,019daf80-511b-79ac-95e2-ff69e4986b32,savings,normal,2426.500290675032,2026-04-21 10:05:15 +0000 UTC
019daf80-5123-7caa-b9dd-5322eba441db,019daf80-511b-79b4-841c-82d7e4b2fcfd,credit,high_spender,6364.026056481103,2026-04-21 10:05:15 +0000 UTC
019daf80-5123-7cb5-8ec5-0c7cc29db7dc,019daf80-511b-79bc-aa55-47b336d6493e,current,low_spender,3641.0953461613467,2026-04-21 10:05:15 +0000 UTC
019daf80-5123-7cbd-8d2d-176051e5570d,019daf80-511b-79c0-b30a-b9c57a3ad46a,savings,normal,2102.1057410784906,2026-04-21 10:05:15 +0000 UTC
019daf80-5123-7cc9-b3fe-1703fc9980f7,019daf80-511b-79cb-b5f6-c719d7a4d342,credit,high_spender,8903.212256979255,2026-04-21 10:05:15 +0000 UTC
019daf80-5123-7cd1-8ff6-62d8bc48cd76,019daf80-511b-79d7-888f-f0841e8f9a7b,current,low_spender,1054.2422420048952,2026-04-21 10:05:15 +0000 UTC
019daf80-5123-7cdc-a7b1-05a3de51a657,019daf80-511b-79df-b9aa-a399df6d69e5,savings,normal,3893.3325342698645,2026-04-21 10:05:15 +0000 UTC
019daf80-5123-7ce8-a2f3-40ea4d7b13ba,019daf80-511b-79e7-b384-b3665071d10c,credit,high_spender,1166.6924615915452,2026-04-21 10:05:15 +0000 UTC
019daf80-5123-7cf0-9e7d-a9f85e4366af,019daf80-511b-79ee-bc42-80f4d396a187,current,low_spender,8815.444332679312,2026-04-21 10:05:15 +0000 UTC
019daf80-5123-7cfc-8e1a-5874571179d1,019daf80-511b-79f2-8e2a-a8d2312a2413,savings,normal,2846.481289186163,2026-04-21 10:05:15 +0000 UTC
019daf80-5123-7d04-8726-336a724d0c0a,019daf80-511b-79fa-9ded-7e9a176eca5d,credit,high_spender,8320.211566820873,2026-04-21 10:05:15 +0000 UTC
019daf80-5123-7d0b-b3d6-631bcd64fd7f,019daf80-511b-7a02-9add-857940709869,current,low_spender,3983.8148250862173,2026-04-21 10:05:15 +0000 UTC
019daf80-5123-7d17-9aa4-23fb31e519ce,019daf80-511b-7a06-acd7-e2546c8c3e88,savings,normal,6091.7941968026,2026-04-21 10:05:15 +0000 UTC
019daf80-5123-7d1f-9706-952bcf3466a5,019daf80-511b-7a0e-8415-56fb0fc0a6e6,credit,high_spender,4740.830430657626,2026-04-21 10:05:15 +0000 UTC
019daf80-5123-7d2b-bd0a-add5992dccf4,019daf80-511b-7a16-930c-8dae3d274c03,current,low_spender,4346.291111056343,2026-04-21 10:05:15 +0000 UTC
019daf80-5123-7d36-a37b-74282319f2ff,019daf80-511b-7a1d-93aa-aee2ed224fcc,savings,normal,985.8685692913516,2026-04-21 10:05:15 +0000 UTC
019daf80-5123-7d3e-b216-7dfc1922241b,019daf80-511b-7a21-b7f3-b7c1a4af4884,credit,high_spender,1803.9389245767322,2026-04-21 10:05:15 +0000 UTC
019daf80-5123-7d46-9b7f-40ae41534d8a,019daf80-511b-7a29-995f-ade4206e71a7,current,low_spender,2031.5521987279506,2026-04-21 10:05:15 +0000 UTC
019daf80-5123-7d52-abe7-762b656ca6f5,019daf80-511b-7a31-aca1-54eebd3bc259,savings,normal,4358.262336917356,2026-04-21 10:05:15 +0000 UTC
019daf80-5123-7d59-b815-b8a25e1ad89b,019daf80-511b-7a39-885d-c62f8b8bdaa4,credit,high_spender,5276.6635475114435,2026-04-21 10:05:15 +0000 UTC
019daf80-5123-7d65-811f-28ac4b51b7d5,019daf80-511b-7a3d-a756-7ce7c4548fb3,current,low_spender,3359.7352542979615,2026-04-21 10:05:15 +0000 UTC
019daf80-5123-7d6d-bb23-f7e8c8ff81b4,019daf80-511b-7a44-8685-0ac3c98a05e3,savings,normal,1249.185822393818,2026-04-21 10:05:15 +0000 UTC
019daf80-5123-7d79-9b00-b0bc8ff6f945,019daf80-511b-7a4c-abba-09856ed88b83,credit,high_spender,1917.563592383909,2026-04-21 10:05:15 +0000 UTC
019daf80-5123-7d81-8451-6ca0f0c88406,019daf80-511b-7a54-abe9-6c4e2843306c,current,low_spender,3909.2626576871007,2026-04-21 10:05:15 +0000 UTC
019daf80-5123-7d8c-8570-f9809f3b0d08,019daf80-511b-7a5c-8d35-60d798798eaf,savings,normal,7224.409282151918,2026-04-21 10:05:15 +0000 UTC
019daf80-5123-7d94-8617-dbb877043669,019daf80-511b-7a60-b0b8-80dc858e0bdc,credit,high_spender,618.6964049613391,2026-04-21 10:05:15 +0000 UTC
019daf80-5123-7da0-b315-791a757db7b5,019daf80-511b-7a68-9b90-33b757872ab5,current,low_spender,176.28154012340525,2026-04-21 10:05:15 +0000 UTC
019daf80-5123-7da8-84f5-4a7e7afc61f6,019daf80-511b-7a6f-952f-2c9a5b5cf98c,savings,normal,3620.216407502928,2026-04-21 10:05:15 +0000 UTC
019daf80-5123-7db7-8661-97b2e650258f,019daf80-511b-7a7b-86d0-27b8e92591c7,credit,high_spender,3957.1686812886037,2026-04-21 10:05:15 +0000 UTC
019daf80-5123-7dbf-8403-db8d0699589a,019daf80-511b-7a83-8ee9-09d5b59c41e3,current,low_spender,1032.5979230802184,2026-04-21 10:05:15 +0000 UTC
019daf80-5123-7dcb-a5ef-d9e9a8f8711e,019daf80-511b-7a8b-9893-3846b4344ef0,savings,normal,2733.6004774758617,2026-04-21 10:05:15 +0000 UTC
019daf80-5123-7dd3-86b9-ba965fb6eadb,019daf80-511b-7c25-a2a0-5ee7ebb06b8e,credit,high_spender,3676.534694077626,2026-04-21 10:05:15 +0000 UTC
019daf80-5123-7dde-befe-33828775d839,019daf80-511b-7c31-b70d-b3a3df1dc7d4,current,low_spender,2605.9194733388326,2026-04-21 10:05:15 +0000 UTC
019daf80-5123-7de6-8565-00cea27f9b44,019daf80-511c-7b46-a52b-7bcd0be55885,savings,normal,8526.488266919827,2026-04-21 10:05:15 +0000 UTC
019daf80-5123-7df2-a209-9c1dc699dfb3,019daf80-511c-7b5a-9252-a3044a11b141,credit,high_spender,9577.41129890318,2026-04-21 10:05:15 +0000 UTC
019daf80-5123-7dfa-8290-c7a9e922f762,019daf80-511c-7b62-9b59-f04d23350f01,current,low_spender,1301.9812563080163,2026-04-21 10:05:15 +0000 UTC
019daf80-5123-7e05-be6d-9f44dfbb8e92,019daf80-511c-7b69-b94a-b4b96d19821c,savings,normal,1591.9033407756028,2026-04-21 10:05:15 +0000 UTC
019daf80-5123-7e0d-910e-dbf90de2206d,019daf80-511c-7b71-bd35-75012a71c650,credit,high_spender,9128.433612930105,2026-04-21 10:05:15 +0000 UTC
019daf80-5123-7e19-be24-df63f1ba9043,019daf80-511c-7b79-8ae2-4ccdfa554ed4,current,low_spender,5161.447452283788,2026-04-21 10:05:15 +0000 UTC
019daf80-5123-7e25-bf59-27fc367c6f58,019daf80-511c-7b81-a368-6ed9256cc1b7,savings,normal,8657.7697306112,2026-04-21 10:05:15 +0000 UTC
019daf80-5123-7e2c-8ee5-0d6c0406ef09,019daf80-511c-7b89-b0c4-9ab8f3c462dd,credit,high_spender,6622.565117546652,2026-04-21 10:05:15 +0000 UTC
019daf80-5123-7e38-8295-dd9cf9b96d20,019daf80-511c-7b90-a3ff-0f20321bccd8,current,low_spender,1876.7885561636222,2026-04-21 10:05:15 +0000 UTC
019daf80-5123-7e40-9a21-6e3bfc820627,019daf80-511c-7c21-a032-bd35aaaa4d6e,savings,normal,456.7228999353229,2026-04-21 10:05:15 +0000 UTC
019daf80-5123-7e4c-bb21-27eb77f2dd4d,019daf80-511c-7c2d-b8c6-5eeaa0216489,credit,high_spender,5311.132536473792,2026-04-21 10:05:15 +0000 UTC
019daf80-5123-7e53-9311-62a62598d6c4,019daf80-511c-7c31-b4a2-6a05c9ee399a,current,low_spender,7176.509446568042,2026-04-21 10:05:15 +0000 UTC
019daf80-5123-7e5f-9a4a-2a3cd1c87904,019daf80-511c-7c38-a8f1-546be1557077,savings,normal,929.4793012036617,2026-04-21 10:05:15 +0000 UTC
019daf80-5123-7e67-b516-2b041ea3cb34,019daf80-511c-7c40-bb45-fb71c131c337,credit,high_spender,3582.161718911593,2026-04-21 10:05:15 +0000 UTC
019daf80-5123-7e73-a1c5-f40949890fc0,019daf80-511c-7c48-9ba6-3be4428d73f6,current,low_spender,3437.59867956963,2026-04-21 10:05:15 +0000 UTC
019daf80-5123-7e7b-a4a4-357efc0930c2,019daf80-511c-7c50-bd0e-22f8de99ff0e,savings,normal,2300.037974103205,2026-04-21 10:05:15 +0000 UTC
019daf80-5123-7e86-a5ea-1708d6a72a02,019daf80-511c-7c58-8538-81f0fcf58f56,credit,high_spender,9952.764065062338,2026-04-21 10:05:15 +0000 UTC
019daf80-5123-7e8e-a4a8-289bd0473966,019daf80-511c-7c67-8ad6-42e61dc031f8,current,low_spender,3700.65577971608,2026-04-21 10:05:15 +0000 UTC
019daf80-5123-7e9a-b6ee-a42c46e4ef52,019daf80-511c-7c6b-967f-2c230405de32,savings,normal,423.0536186882489,2026-04-21 10:05:15 +0000 UTC
019daf80-5123-7ea6-8a7d-a2c3265a39f0,019daf80-511c-7c73-80a4-0e2319b74c8f,credit,high_spender,689.3808947939145,2026-04-21 10:05:15 +0000 UTC
019daf80-5123-7ead-a83d-220752a5e877,019daf80-511c-7c7b-8a9e-3552a46b6d6e,current,low_spender,6759.60984095144,2026-04-21 10:05:15 +0000 UTC
019daf80-5123-7eb9-b5a8-51f82255fab4,019daf80-511c-7c83-a543-bd0679980b42,savings,normal,8044.497462794671,2026-04-21 10:05:15 +0000 UTC
019daf80-5123-7ec1-b03d-ee6765139adb,019daf80-511c-7c8a-bd48-ebafbe0b7524,credit,high_spender,3523.5870733713614,2026-04-21 10:05:15 +0000 UTC
019daf80-5123-7ecd-87a1-d5562f03e0f1,019daf80-511c-7c92-be02-39c9a1601439,current,low_spender,8530.033769598153,2026-04-21 10:05:15 +0000 UTC
019daf80-5123-7ed4-9ad0-58f615bc6aeb,019daf80-511c-7c96-a92f-9eeef9c9aec1,savings,normal,6311.538565327908,2026-04-21 10:05:15 +0000 UTC
019daf80-5123-7edc-b4dd-fd44c941ecd9,019daf80-511c-7c9e-8392-a5539c5489f1,credit,high_spender,9818.008543826576,2026-04-21 10:05:15 +0000 UTC
019daf80-5123-7ee8-8866-4dfe187d3664,019daf80-511c-7ca6-9bab-66474d756ea3,current,low_spender,6091.2789285857125,2026-04-21 10:05:15 +0000 UTC
019daf80-5123-7ef4-9ee8-fb89a4bc4661,019daf80-511c-7cae-867d-b0b1eaa47ab9,savings,normal,4621.144632224204,2026-04-21 10:05:15 +0000 UTC
019daf80-5123-7efb-bc5a-1606a18108d1,019daf80-511c-7cb5-8391-c84633ac0e59,credit,high_spender,7264.627327158089,2026-04-21 10:05:15 +0000 UTC
019daf80-5123-7f03-a802-635eaee69639,019daf80-511c-7cbd-8cb1-41258b57e2f2,current,low_spender,347.8405842182608,2026-04-21 10:05:15 +0000 UTC
019daf80-5123-7f0f-8bd0-0dab4fd1cd9f,019daf80-511c-7cc1-a8cb-414ea5f399f5,savings,normal,8673.372792486416,2026-04-21 10:05:15 +0000 UTC
019daf80-5123-7f17-a666-f5c1ecd4e4da,019daf80-511c-7cc9-bb0b-8a4fb76ab7b9,credit,high_spender,6262.583499826435,2026-04-21 10:05:15 +0000 UTC
019daf80-5123-7f23-b256-31f6f1dff8f4,019daf80-511c-7cd1-8f70-9659442f9678,current,low_spender,2277.9654546721526,2026-04-21 10:05:15 +0000 UTC
019daf80-5123-7f2a-93de-207cee73ef44,019daf80-511c-7cd9-8742-0cc7b1e7f7c6,savings,normal,9402.192344225214,2026-04-21 10:05:15 +0000 UTC
019daf80-5123-7f36-ae98-40f0beee46e4,019daf80-511c-7cdc-a6e0-4a3f3ff08d4b,credit,high_spender,1731.6786048592353,2026-04-21 10:05:15 +0000 UTC
019daf80-5123-7f3e-9d0b-f5aa614ceeac,019daf80-511c-7ce4-a303-758c35bdf2b9,current,low_spender,5474.838129892088,2026-04-21 10:05:15 +0000 UTC
019daf80-5124-7007-b582-09567ebb7512,019daf80-511c-7cec-b8b3-454795ff56a6,savings,normal,6732.785604540689,2026-04-21 10:05:15 +0000 UTC
019daf80-5124-7013-a40a-846ff6bf55e3,019daf80-511c-7cf4-bfc6-ce4dcc09e576,credit,high_spender,1737.7205607477842,2026-04-21 10:05:15 +0000 UTC
019daf80-5124-701b-bdc6-342737c48c75,019daf80-511c-7cf8-b300-5873e82696fe,current,low_spender,825.1974055561478,2026-04-21 10:05:15 +0000 UTC
019daf80-5124-7027-9cf9-25ab9d8f7782,019daf80-511c-7d00-bf05-2b7384278c1d,savings,normal,3553.0084310310863,2026-04-21 10:05:15 +0000 UTC
019daf80-5124-702e-a40f-cb7115ca9000,019daf80-511c-7d07-a5a3-cdd5b31c8f06,credit,high_spender,2397.8086276354347,2026-04-21 10:05:15 +0000 UTC
019daf80-5124-703a-a872-183eb5998c29,019daf80-511c-7d0f-8271-242eddf127a6,current,low_spender,8025.514307721252,2026-04-21 10:05:15 +0000 UTC
019daf80-5124-7042-9b1a-9f544bad7e48,019daf80-511c-7d13-9263-73b1f1350674,savings,normal,6421.549792866258,2026-04-21 10:05:15 +0000 UTC
019daf80-5124-704e-ac3a-42d0a04f0c7b,019daf80-511c-7d1b-b2ae-c57d493b24ef,credit,high_spender,822.5264117206566,2026-04-21 10:05:15 +0000 UTC
019daf80-5124-7055-b8fb-cf7d8378d59c,019daf80-511c-7d23-86c1-ad42abbd748b,current,low_spender,8373.345978910776,2026-04-21 10:05:15 +0000 UTC
019daf80-5124-7061-86bc-fc8a03f4c666,019daf80-511c-7d2b-bccd-dc843beb8aad,savings,normal,8303.037208702393,2026-04-21 10:05:15 +0000 UTC
019daf80-5124-7069-9795-706e8de85ef4,019daf80-511c-7d32-80ac-0da49e6bce27,credit,high_spender,6931.550765088779,2026-04-21 10:05:15 +0000 UTC
019daf80-5124-7075-a868-f80ac44f3203,019daf80-511c-7d36-9ebe-6b4da60086dd,current,low_spender,1732.2953400660501,2026-04-21 10:05:15 +0000 UTC
019daf80-5124-707d-9c69-861773e069c2,019daf80-511c-7d3e-bf18-cba3f7a2c963,savings,normal,7942.874485843619,2026-04-21 10:05:15 +0000 UTC
019daf80-5124-7088-a31b-e2cd4359fd8b,019daf80-511c-7d46-8fff-401c2af2f7bb,credit,high_spender,1764.4580497075451,2026-04-21 10:05:15 +0000 UTC
019daf80-5124-7094-98f2-48433bda5b6d,019daf80-511c-7d4e-9894-dba82cca9095,current,low_spender,6896.021088892097,2026-04-21 10:05:15 +0000 UTC
019daf80-5124-709c-9327-ada1015f51b0,019daf80-511c-7d59-b2ff-f23514b706bb,savings,normal,9554.498003152994,2026-04-21 10:05:15 +0000 UTC
019daf80-5124-70a4-96b6-c4720b294d15,019daf80-511c-7d61-ae31-bf7cda8baea7,credit,high_spender,4621.39357132131,2026-04-21 10:05:15 +0000 UTC
019daf80-5124-70af-82c1-5bebde763cb8,019daf80-511c-7d69-a1cc-26401c29c42b,current,low_spender,6593.321205780001,2026-04-21 10:05:15 +0000 UTC
019daf80-5124-70bb-9865-53aa0ebcbe04,019daf80-511c-7d71-a2ba-eb70dbd251dd,savings,normal,8622.337981418044,2026-04-21 10:05:15 +0000 UTC
019daf80-5124-70c3-83c8-9aad8747ca41,019daf80-511c-7d79-826d-7699d6b90f08,credit,high_spender,1183.8427372881742,2026-04-21 10:05:15 +0000 UTC
019daf80-5124-70cb-8704-e71381259244,019daf80-511c-7d7d-9bf1-88a14a89d770,current,low_spender,2229.0151497622646,2026-04-21 10:05:15 +0000 UTC
019daf80-5124-70d6-aa29-c392ebba32a5,019daf80-511c-7d84-9c40-9afd97bbb002,savings,normal,4000.030141763386,2026-04-21 10:05:15 +0000 UTC
019daf80-5124-70e2-9535-02f7fef3608b,019daf80-511c-7d8c-9757-f347920e11fc,credit,high_spender,333.29529928179113,2026-04-21 10:05:15 +0000 UTC
019daf80-5124-70ea-9430-93ab30512dac,019daf80-511c-7d94-b4d2-9c41028f60ca,current,low_spender,9071.751794918573,2026-04-21 10:05:15 +0000 UTC
019daf80-5124-70f6-916a-0194c487e19f,019daf80-511c-7d98-895b-0456c3bcb760,savings,normal,3473.854424447011,2026-04-21 10:05:15 +0000 UTC
019daf80-5124-70fd-9af8-6311e0760268,019daf80-511c-7da0-bc62-709d32b19733,credit,high_spender,1806.2745947622993,2026-04-21 10:05:15 +0000 UTC
019daf80-5124-7109-b2ef-9071d9af2774,019daf80-511c-7da8-99de-c94665c34051,current,low_spender,4364.168411226532,2026-04-21 10:05:15 +0000 UTC
019daf80-5124-7111-ad99-2bfdc9598b64,019daf80-511c-7daf-8252-e065946c69f0,savings,normal,3072.3731425889127,2026-04-21 10:05:15 +0000 UTC
019daf80-5124-711d-b363-2566741ddd96,019daf80-511c-7db7-818c-fa6965310c69,credit,high_spender,5855.625745956846,2026-04-21 10:05:15 +0000 UTC
019daf80-5124-7124-ac9e-da59b4435cdd,019daf80-511c-7dbb-9cdd-abf357b17daa,current,low_spender,1574.9203892217633,2026-04-21 10:05:15 +0000 UTC
019daf80-5124-7130-9a94-462225984311,019daf80-511c-7dc3-b40a-0da44f4bba24,savings,normal,1257.9180510286835,2026-04-21 10:05:15 +0000 UTC
019daf80-5124-7138-b436-b655fa64d362,019daf80-511c-7dcb-921d-14adea027cc7,credit,high_spender,5454.99027495765,2026-04-21 10:05:15 +0000 UTC
019daf80-5124-7144-bef4-0faf54186127,019daf80-511c-7dd3-ae67-46cc34381efd,current,low_spender,7327.500913286749,2026-04-21 10:05:15 +0000 UTC
019daf80-5124-714c-9bf4-2ff989d0e8bf,019daf80-511c-7dd6-a635-820fdedf7060,savings,normal,5549.252643076612,2026-04-21 10:05:15 +0000 UTC
019daf80-5124-7157-951b-218609f4acfb,019daf80-511c-7dde-86a3-ba32d003add6,credit,high_spender,2113.7241494533578,2026-04-21 10:05:15 +0000 UTC
019daf80-5124-715f-9adb-8e8a34f95234,019daf80-511c-7de6-baff-74bb07853af0,current,low_spender,6440.255572694189,2026-04-21 10:05:15 +0000 UTC
019daf80-5124-716b-8d43-d900935e583c,019daf80-511c-7dee-bc42-a50a1faa295c,savings,normal,2634.3865609040436,2026-04-21 10:05:15 +0000 UTC
019daf80-5124-7173-9680-38b2a1ed5540,019daf80-511c-7dfe-b656-f799b6ebd725,credit,high_spender,2013.059102768442,2026-04-21 10:05:15 +0000 UTC
019daf80-5124-717e-9cfc-72a51804abdc,019daf80-511c-7e01-a465-068eddd8a78f,current,low_spender,2610.609074796805,2026-04-21 10:05:15 +0000 UTC
019daf80-5124-7186-87c7-02bac6f8bd14,019daf80-511c-7e09-b5b1-4babd309c799,savings,normal,7810.892541213491,2026-04-21 10:05:15 +0000 UTC
019daf80-5124-7192-b63c-765b4efdc0f3,019daf80-511c-7e11-b46b-2484ac1ccd9e,credit,high_spender,4294.530356655826,2026-04-21 10:05:15 +0000 UTC
019daf80-5124-719a-bfa0-58ee319f713c,019daf80-511c-7e19-b7d0-e1b6099cb352,current,low_spender,5789.465151866925,2026-04-21 10:05:15 +0000 UTC
019daf80-5124-71a5-a6c6-20e035bd7244,019daf80-511c-7e21-8a4e-c3754af384f8,savings,normal,3175.6314516290663,2026-04-21 10:05:15 +0000 UTC
019daf80-5124-71b1-ac60-a6b7ee1f60cb,019daf80-511c-7e25-af5b-a35468d9fa1a,credit,high_spender,7891.8534113260885,2026-04-21 10:05:15 +0000 UTC
019daf80-5124-71b9-bd81-094fbe738717,019daf80-511c-7e2c-afd5-f423884c6323,current,low_spender,4418.4768169001045,2026-04-21 10:05:15 +0000 UTC
019daf80-5124-71c5-9720-60e6e8afdffc,019daf80-511c-7e34-a751-f0fb0809a6ad,savings,normal,8415.422843283075,2026-04-21 10:05:15 +0000 UTC
019daf80-5124-71cc-aaff-ca06057038d4,019daf80-511c-7e3c-bd9d-4b1b016cf644,credit,high_spender,3311.6386452830798,2026-04-21 10:05:15 +0000 UTC
019daf80-5124-71d8-a427-bc0cf55650ca,019daf80-511c-7e44-9380-1acabf070683,current,low_spender,1755.9572354634222,2026-04-21 10:05:15 +0000 UTC
019daf80-5124-71e0-893c-e5bb06eaf1b6,019daf80-511c-7e48-af1c-623a5b6cac2c,savings,normal,1616.014669842873,2026-04-21 10:05:15 +0000 UTC
019daf80-5124-71ec-ac7b-576116646cd4,019daf80-511c-7e50-9097-42e8f8e76e0d,credit,high_spender,66.86005625647418,2026-04-21 10:05:15 +0000 UTC
019daf80-5124-71f4-a3d0-875acef7fdf0,019daf80-511c-7e57-a9fb-54ee1523b263,current,low_spender,6062.443449274152,2026-04-21 10:05:15 +0000 UTC
019daf80-5124-71fb-9ee9-39fa0640999c,019daf80-511c-7e5f-88b1-951a4a7adf3c,savings,normal,7028.364170976533,2026-04-21 10:05:15 +0000 UTC
019daf80-5124-7207-8087-594e59ea1da4,019daf80-511c-7e63-b9a5-120ee7913d16,credit,high_spender,1499.5856472896962,2026-04-21 10:05:15 +0000 UTC
019daf80-5124-720f-a0c4-f5825de75612,019daf80-511c-7e6b-8cfd-7de8c705cb26,current,low_spender,6910.583021622026,2026-04-21 10:05:15 +0000 UTC
019daf80-5124-721b-adde-8705c2aa9afc,019daf80-511c-7e73-a4d2-e4f1cb7fd5fd,savings,normal,2655.3769132204975,2026-04-21 10:05:15 +0000 UTC
019daf80-5124-7226-be8c-c12bc87f6cff,019daf80-511c-7e77-b274-516bb31ebe2d,credit,high_spender,9478.431032044793,2026-04-21 10:05:15 +0000 UTC
019daf80-5124-7232-8422-c90270d531aa,019daf80-511c-7e7e-bd7f-d247ee52a088,current,low_spender,845.5164863576608,2026-04-21 10:05:15 +0000 UTC
019daf80-5124-723a-8b4b-a53825979d8a,019daf80-511c-7e86-990b-756cdd79dd76,savings,normal,9264.003385355478,2026-04-21 10:05:15 +0000 UTC
019daf80-5124-7246-bffe-7e0f25605143,019daf80-511c-7e8e-9c0a-cd5468ffc05f,credit,high_spender,8861.239323721275,2026-04-21 10:05:15 +0000 UTC
019daf80-5124-724d-a73a-8c2f1a225193,019daf80-511c-7e9a-b0f5-51a33b93fa8f,current,low_spender,9362.12056132128,2026-04-21 10:05:15 +0000 UTC
019daf80-5124-7259-9185-58382cf29e59,019daf80-511c-7ed4-aa70-bfdd5bd997f6,savings,normal,2351.5661754893313,2026-04-21 10:05:15 +0000 UTC
019daf80-5124-7261-8533-f2bcee7f792a,019daf80-511c-7edc-9df8-0698de393061,credit,high_spender,1973.263698283156,2026-04-21 10:05:15 +0000 UTC
019daf80-5124-726d-a558-a5cb87e1aa18,019daf80-511c-7ee4-931a-fb3dab94f44b,current,low_spender,4942.32682630453,2026-04-21 10:05:15 +0000 UTC
019daf80-5124-7274-9b79-31a93a73259c,019daf80-511c-7ee8-bbe6-41ca181448d1,savings,normal,1189.1386661676406,2026-04-21 10:05:15 +0000 UTC
019daf80-5124-7280-99fb-157fe32d1d6c,019daf80-511c-7ef8-9382-06a9aa19ba12,credit,high_spender,1590.5287487513242,2026-04-21 10:05:15 +0000 UTC
019daf80-5124-7288-8f94-a0daa4f7e1e2,019daf80-511c-7eff-b4dc-8f948b09aec1,current,low_spender,619.3436020377452,2026-04-21 10:05:15 +0000 UTC
019daf80-5124-7294-968d-8a6a7d67f049,019daf80-511c-7f07-bac3-057771b5e9bc,savings,normal,3574.9203597753467,2026-04-21 10:05:15 +0000 UTC
019daf80-5124-729b-b2fe-7ff9e7158546,019daf80-511c-7f0f-b8b0-7d44bf121a82,credit,high_spender,6698.331829482975,2026-04-21 10:05:15 +0000 UTC
019daf80-5124-72a7-9788-b408f893b6c1,019daf80-511c-7f13-bfa6-a6edbdae15b0,current,low_spender,1711.7742555294192,2026-04-21 10:05:15 +0000 UTC
019daf80-5124-72af-bd7c-8a476293c41b,019daf80-511c-7f1b-83c2-94f3f3ade448,savings,normal,9313.372927016373,2026-04-21 10:05:15 +0000 UTC
019daf80-5124-72bb-9dcd-00e7c8594416,019daf80-511c-7f23-932c-1897363b1d62,credit,high_spender,6890.911970356629,2026-04-21 10:05:15 +0000 UTC
019daf80-5124-72c3-b1d9-8ad58a804f12,019daf80-511c-7f26-aa55-2b25ede299f4,current,low_spender,1347.2316542815877,2026-04-21 10:05:15 +0000 UTC
019daf80-5124-72ce-a838-9390cad39098,019daf80-511c-7f2e-afdc-ff84870c1190,savings,normal,704.5061103351602,2026-04-21 10:05:15 +0000 UTC
019daf80-5124-72da-89f2-f2773b22f058,019daf80-511c-7f36-8f01-57e593ac4f9c,credit,high_spender,1813.8325165851809,2026-04-21 10:05:15 +0000 UTC
019daf80-5124-72e2-ab4a-3dae58baaf5a,019daf80-511c-7f3e-88ae-2a41e6dd006e,current,low_spender,3183.8614967497692,2026-04-21 10:05:15 +0000 UTC
019daf80-5124-72ee-bb8b-934b0a2f6df1,019daf80-511d-7003-9fab-d94d0fc1b1ea,savings,normal,8762.046105979865,2026-04-21 10:05:15 +0000 UTC
019daf80-5124-72f5-990f-ad7dcf5c5351,019daf80-511d-700b-ac9a-05ae90998171,credit,high_spender,1632.196670924238,2026-04-21 10:05:15 +0000 UTC
019daf80-5124-7301-b1ed-084f900e092c,019daf80-511d-7013-96f2-fda8bd8c783c,current,low_spender,7523.533438339278,2026-04-21 10:05:15 +0000 UTC
019daf80-5124-730d-b9b4-5e06b1edf15a,019daf80-511d-7017-857f-0ae598f42e2a,savings,normal,9552.825966303537,2026-04-21 10:05:15 +0000 UTC
019daf80-5124-7315-9493-4cc6e9936182,019daf80-511d-701f-bd39-359523193ab8,credit,high_spender,2436.775293993676,2026-04-21 10:05:15 +0000 UTC
019daf80-5124-7320-bdae-fbaf734bf74d,019daf80-511d-7027-9109-f66a5351e1b2,current,low_spender,604.5082847336741,2026-04-21 10:05:15 +0000 UTC
019daf80-5124-7328-86b7-0bccab616c77,019daf80-511d-702e-9cff-58dc9ff56574,savings,normal,2595.0203588717513,2026-04-21 10:05:15 +0000 UTC
019daf80-5124-7334-a9d6-38c23b2ad99e,019daf80-511d-7032-a9dd-5143f72d5e26,credit,high_spender,9702.17766513856,2026-04-21 10:05:15 +0000 UTC
019daf80-5124-733c-99a1-490d76e3d327,019daf80-511d-703a-891a-9a5b31215ecd,current,low_spender,1573.3967159050549,2026-04-21 10:05:15 +0000 UTC
019daf80-5124-7347-9ecc-de2c25b9fe95,019daf80-511d-7042-872a-1fec9ede1d13,savings,normal,3380.9791725362616,2026-04-21 10:05:15 +0000 UTC
019daf80-5124-7353-a921-c7043b9333cf,019daf80-511d-704a-87b4-9bd7ca9bc70e,credit,high_spender,7111.964815029132,2026-04-21 10:05:15 +0000 UTC
019daf80-5124-735b-aaeb-648a3f4d9078,019daf80-511d-7052-90da-13906e1ae0a2,current,low_spender,5243.731892855879,2026-04-21 10:05:15 +0000 UTC
019daf80-5124-7363-969c-0079724f617c,019daf80-511d-7055-abf1-fc11aeb886c5,savings,normal,8693.67358579636,2026-04-21 10:05:15 +0000 UTC
019daf80-5124-736e-8492-fda6168d2c63,019daf80-511d-7061-b498-58603dea3759,credit,high_spender,8499.600975666892,2026-04-21 10:05:15 +0000 UTC
019daf80-5124-7376-8260-61b3b94963bd,019daf80-511d-7069-9791-e0e212cb12d4,current,low_spender,8297.199390818903,2026-04-21 10:05:15 +0000 UTC
019daf80-5124-7382-8be3-580ff81d3884,019daf80-511d-706d-b1e7-d82d49c8b775,savings,normal,8355.72076809905,2026-04-21 10:05:15 +0000 UTC
019daf80-5124-738a-b0b7-1d6358a6018c,019daf80-511d-707d-8ec8-3981bc9514f1,credit,high_spender,5667.894313399673,2026-04-21 10:05:15 +0000 UTC
019daf80-5124-7395-a84b-157ca49c4c75,019daf80-511d-7084-ab9f-972564c5dbdd,current,low_spender,3646.961978425599,2026-04-21 10:05:15 +0000 UTC
019daf80-5124-73a1-89fa-241d53dd8931,019daf80-511d-7088-8941-b1719bec635e,savings,normal,6086.462592435589,2026-04-21 10:05:15 +0000 UTC
019daf80-5124-73a9-a235-30a9ce05042d,019daf80-511d-7090-be8f-4f7bdf03e461,credit,high_spender,3475.1056842633748,2026-04-21 10:05:15 +0000 UTC
019daf80-5124-73b5-8e99-8dd99050f29b,019daf80-511d-7098-be3f-1c86ee415bb2,current,low_spender,3207.179632902079,2026-04-21 10:05:15 +0000 UTC
019daf80-5124-73bd-b90f-025d438f067a,019daf80-511d-70a0-8a9e-a5111d66ea35,savings,normal,3969.9033318942297,2026-04-21 10:05:15 +0000 UTC
019daf80-5124-73c8-b07c-9ea5f022a11a,019daf80-511d-70a4-b968-1941173e6bcf,credit,high_spender,3638.2790961235833,2026-04-21 10:05:15 +0000 UTC
019daf80-5124-73d0-ab91-84fff6bad834,019daf80-511d-70ab-bf49-3722a1256dd5,current,low_spender,444.2054626569264,2026-04-21 10:05:15 +0000 UTC
019daf80-5124-73dc-9c20-bba4ae76fdba,019daf80-511d-70b3-b868-b948db89f1cb,savings,normal,6064.1707714071,2026-04-21 10:05:15 +0000 UTC
019daf80-5124-73e4-bd99-5204d7f95b6b,019daf80-511d-70bb-9d6f-8891ef93f8c0,credit,high_spender,833.6221665427873,2026-04-21 10:05:15 +0000 UTC
019daf80-5124-73ef-9ea0-a84314caf9f0,019daf80-511d-70bf-a450-ffa4dfe64dee,current,low_spender,5878.867817038039,2026-04-21 10:05:15 +0000 UTC
019daf80-5124-73f7-b821-fd69ff04617e,019daf80-511d-70c7-9ca3-38f92ea8a34f,savings,normal,2054.6632974206514,2026-04-21 10:05:15 +0000 UTC
019daf80-5124-7403-9ca3-608777c25366,019daf80-511d-70cf-bb77-255f8b9b0942,credit,high_spender,722.2424257160066,2026-04-21 10:05:15 +0000 UTC
019daf80-5124-740b-8fa8-c776b42b0219,019daf80-511d-70d6-9cab-25945dd3169e,current,low_spender,1839.1777006835973,2026-04-21 10:05:15 +0000 UTC
019daf80-5124-7416-8d3e-0d7adc119ba5,019daf80-511d-70da-8c1a-93061359fee1,savings,normal,3147.6161081023165,2026-04-21 10:05:15 +0000 UTC
019daf80-5124-741e-93d9-92c9f99522cf,019daf80-511d-70e2-abad-84525fb6f656,credit,high_spender,5505.261260281274,2026-04-21 10:05:15 +0000 UTC
019daf80-5124-742a-8332-89580bb219ad,019daf80-511d-70ea-900f-e158280645fb,current,low_spender,7728.222974447148,2026-04-21 10:05:15 +0000 UTC
019daf80-5124-7436-898a-a18e9dbd4f92,019daf80-511d-70f2-ace6-ed0b1cf85ba3,savings,normal,1413.0067509676658,2026-04-21 10:05:15 +0000 UTC
019daf80-5124-743d-ac0b-e37a776994f4,019daf80-511d-70f6-b580-43875bc9abed,credit,high_spender,4022.4403884235326,2026-04-21 10:05:15 +0000 UTC
019daf80-5124-7449-877e-50660645831e,019daf80-511d-70fd-9d0f-4c98b846beea,current,low_spender,6180.979365276226,2026-04-21 10:05:15 +0000 UTC
019daf80-5124-7451-bff8-197cd8e56331,019daf80-511d-7105-80a7-86ee19847b71,savings,normal,8200.70677193189,2026-04-21 10:05:15 +0000 UTC
019daf80-5124-745d-ae64-631f98308780,019daf80-511d-710d-90ac-a57c0864fa89,credit,high_spender,5101.011007159814,2026-04-21 10:05:15 +0000 UTC
019daf80-5124-7465-a0f8-a0ef23ee4430,019daf80-511d-7111-825c-a4092d673492,current,low_spender,7260.490140362836,2026-04-21 10:05:15 +0000 UTC
019daf80-5124-7470-a06f-8b85e0436f2f,019daf80-511d-7119-b7dc-27fea8db18ef,savings,normal,8015.368513991445,2026-04-21 10:05:15 +0000 UTC
019daf80-5124-7478-a29e-4cfe884e3d1b,019daf80-511d-7121-9557-c7a15d4b011f,credit,high_spender,2753.60190154716,2026-04-21 10:05:15 +0000 UTC
019daf80-5124-7484-bd08-be3e4cf10c2b,019daf80-511d-7128-9c47-7371d00d2c83,current,low_spender,4189.53035810701,2026-04-21 10:05:15 +0000 UTC
019daf80-5124-748c-877d-ff07f960fdbd,019daf80-511d-7130-ba97-a5143392a3bb,savings,normal,5698.74174077706,2026-04-21 10:05:15 +0000 UTC
019daf80-5124-7497-8aab-49a5ab51b630,019daf80-511d-713c-9a83-19831ec0d83c,credit,high_spender,1039.756450418593,2026-04-21 10:05:15 +0000 UTC
019daf80-5124-749f-9a8b-dccb2d8f3a52,019daf80-511d-7144-87aa-08cec4c14124,current,low_spender,9125.898188102738,2026-04-21 10:05:15 +0000 UTC
019daf80-5124-74ab-99c4-c062c98cdbd5,019daf80-511d-714c-9462-5e63d358724b,savings,normal,193.80515615184612,2026-04-21 10:05:15 +0000 UTC
019daf80-5124-74b7-87c6-221383530308,019daf80-511d-7153-8110-d34489591246,credit,high_spender,9096.329849762637,2026-04-21 10:05:15 +0000 UTC
019daf80-5124-74be-be3f-917693197e14,019daf80-511d-7157-9131-b3cadc5deec6,current,low_spender,2707.586033762259,2026-04-21 10:05:15 +0000 UTC
019daf80-5124-74ca-b2b2-95a897ba5ae6,019daf80-511d-715f-8158-34053745aad3,savings,normal,3943.226762103648,2026-04-21 10:05:15 +0000 UTC
019daf80-5124-74d2-b36a-64db83fc3199,019daf80-511d-7167-bf61-163a908a8336,credit,high_spender,9810.535302121629,2026-04-21 10:05:15 +0000 UTC
019daf80-5124-74de-b790-3137824221e9,019daf80-511d-716f-8ab3-1ab453b7afd8,current,low_spender,2739.1284526631125,2026-04-21 10:05:15 +0000 UTC
019daf80-5124-74e5-ab05-9ef9df85e855,019daf80-511d-7173-8805-b780534cff71,savings,normal,5379.037764911877,2026-04-21 10:05:15 +0000 UTC
019daf80-5124-74f1-91ac-dcb699defb4a,019daf80-511d-717e-ba89-f29a9eb2fea6,credit,high_spender,9566.5794842676,2026-04-21 10:05:15 +0000 UTC
019daf80-5124-74f9-8a7a-c4718983711a,019daf80-511d-7182-a0ca-711e69164fba,current,low_spender,6996.149301131227,2026-04-21 10:05:15 +0000 UTC
019daf80-5124-7505-9eba-248115d1b7ca,019daf80-511d-718a-a3a8-d18c87cb4983,savings,normal,7954.489380771283,2026-04-21 10:05:15 +0000 UTC
019daf80-5124-750c-948e-28c548048e06,019daf80-511d-7192-a477-079c2991ad52,credit,high_spender,7838.105132840405,2026-04-21 10:05:15 +0000 UTC
019daf80-5124-7518-a229-c7e34874f09f,019daf80-511d-719a-bb1a-78514b76319a,current,low_spender,8502.226811226303,2026-04-21 10:05:15 +0000 UTC
019daf80-5124-7520-b4e3-2a81cd026d61,019daf80-511d-719e-bcfb-ef0b33a1f04a,savings,normal,6188.510656726223,2026-04-21 10:05:15 +0000 UTC
019daf80-5124-752c-b5c4-8c8ea521d010,019daf80-511d-71a5-8199-dde05467e6a5,credit,high_spender,2706.239326214655,2026-04-21 10:05:15 +0000 UTC
019daf80-5124-7534-bf1e-155d5da94e0a,019daf80-511d-71ad-9f2b-70808938242f,current,low_spender,7619.590472957406,2026-04-21 10:05:15 +0000 UTC
019daf80-5124-753f-be30-621102f2926e,019daf80-511d-71b5-a3e9-eb835e124626,savings,normal,3330.2289192987773,2026-04-21 10:05:15 +0000 UTC
019daf80-5124-754b-82ad-8fffec88b0e2,019daf80-511d-71bd-a2da-691280a14856,credit,high_spender,3191.42191093351,2026-04-21 10:05:15 +0000 UTC
019daf80-5124-7553-bb1c-dd1dd0d1ec04,019daf80-511d-71c5-b348-2018853860c6,current,low_spender,455.598090327316,2026-04-21 10:05:15 +0000 UTC
019daf80-5124-755f-b311-8325ed19d174,019daf80-511d-71cc-ae56-53a4acf6bb8c,savings,normal,3350.437952544063,2026-04-21 10:05:15 +0000 UTC
019daf80-5124-7566-9ae7-c19ff63570d7,019daf80-511d-71d0-ade3-3021b222d194,credit,high_spender,6786.68418874543,2026-04-21 10:05:15 +0000 UTC
019daf80-5124-7572-a2ba-cfb20cdef453,019daf80-511d-71d8-9119-40fcf940a816,current,low_spender,9834.570239112561,2026-04-21 10:05:15 +0000 UTC
019daf80-5124-757a-b69c-894e366e85b8,019daf80-511d-71e0-a689-2dfc4dd50f27,savings,normal,361.6484882616228,2026-04-21 10:05:15 +0000 UTC
019daf80-5124-7586-90d7-ba68ebac7f56,019daf80-511d-71e8-8d59-1662c05bcc04,credit,high_spender,3683.9113758181243,2026-04-21 10:05:15 +0000 UTC
019daf80-5124-7591-9aa1-1749829d71a0,019daf80-511d-71f0-a3e3-80d314bfdafc,current,low_spender,8554.72961359039,2026-04-21 10:05:15 +0000 UTC
019daf80-5124-7599-b131-b1f4fd38bb76,019daf80-511d-71f7-8de5-9bbd107e6009,savings,normal,6561.603058758305,2026-04-21 10:05:15 +0000 UTC
019daf80-5124-75a5-b543-da5ad109c71d,019daf80-511d-7203-bbef-a4c756d2c146,credit,high_spender,6865.2061757924985,2026-04-21 10:05:15 +0000 UTC
019daf80-5124-75ad-b20d-54909ccd60f9,019daf80-511d-720b-9170-9b702983c380,current,low_spender,3517.4479418147953,2026-04-21 10:05:15 +0000 UTC
019daf80-5124-75b8-93a7-6b9ec6c38cc0,019daf80-511d-7213-94e1-5eeafdcbb41c,savings,normal,5937.802779898853,2026-04-21 10:05:15 +0000 UTC
019daf80-5124-75c4-a930-c719272a56b9,019daf80-511d-721b-8dcd-2cf4fd05b14e,credit,high_spender,9333.523526682537,2026-04-21 10:05:15 +0000 UTC
019daf80-5124-75cc-8a2a-20736b94fe1c,019daf80-511d-7222-9f1a-58dc014a9577,current,low_spender,9166.351043051876,2026-04-21 10:05:15 +0000 UTC
019daf80-5124-75d8-a27b-9364f8325f5b,019daf80-511d-722a-a2d6-d8ea91ce4bc0,savings,normal,4248.534841857544,2026-04-21 10:05:15 +0000 UTC
019daf80-5124-75df-8ba0-8da2abb0e4f0,019daf80-511d-722e-91fc-9f2335d085c5,credit,high_spender,1127.6802237077065,2026-04-21 10:05:15 +0000 UTC
019daf80-5124-75eb-93f6-948a95937196,019daf80-511d-7236-bf48-e51c723a8fd5,current,low_spender,5086.3397987139015,2026-04-21 10:05:15 +0000 UTC
019daf80-5124-75f3-91af-159abe2d1511,019daf80-511d-723e-bf20-167115e01dca,savings,normal,5197.0537808635045,2026-04-21 10:05:15 +0000 UTC
019daf80-5124-75fb-914e-265aa3bb66a7,019daf80-511d-7246-aa3a-5fdffb552b45,credit,high_spender,3757.630190929338,2026-04-21 10:05:15 +0000 UTC
019daf80-5124-7606-b674-fc553b8bfd61,019daf80-511d-724d-b0ef-ab5d6ebbcb87,current,low_spender,6989.918755820643,2026-04-21 10:05:15 +0000 UTC
019daf80-5124-760e-9ced-e7d5973831c7,019daf80-511d-7251-89ca-ea963b798d32,savings,normal,8889.064562985832,2026-04-21 10:05:15 +0000 UTC
019daf80-5124-761a-9715-f9d3fa9a6fcd,019daf80-511d-7259-a34f-01b1e251d891,credit,high_spender,5791.353276540909,2026-04-21 10:05:15 +0000 UTC
019daf80-5124-7622-96ad-d13a150329a1,019daf80-511d-7261-ba6c-d0dd147d6154,current,low_spender,1544.5282942039428,2026-04-21 10:05:15 +0000 UTC
019daf80-5124-762e-a9da-da7c82e00e7f,019daf80-511d-7269-af58-9c4a2b04e9bb,savings,normal,4492.301868104573,2026-04-21 10:05:15 +0000 UTC
